condition,trial,time_s,hand,base_frame,x_m,y_m,z_m,qx,qy,qz,qw
P1_cercana,1,0.014712,L_hand_base_link,world,0.28800000,0.20949963,0.09497994,0.00000000,-0.00000000,0.70710678,0.70710678
P1_cercana,1,0.034707,L_hand_base_link,world,0.28800000,0.20949963,0.09497994,0.00000000,-0.00000000,0.70710678,0.70710678
P1_cercana,1,0.054589,L_hand_base_link,world,0.28808568,0.20956362,0.09501347,0.00000861,0.00003430,0.70706501,0.70714855
P1_cercana,1,0.074694,L_hand_base_link,world,0.28808568,0.20956362,0.09501347,0.00000861,0.00003430,0.70706501,0.70714855
P1_cercana,1,0.094717,L_hand_base_link,world,0.28808568,0.20956362,0.09501347,0.00000861,0.00003430,0.70706501,0.70714855
P1_cercana,1,0.114763,L_hand_base_link,world,0.28808568,0.20956362,0.09501347,0.00000861,0.00003430,0.70706501,0.70714855
P1_cercana,1,0.134841,L_hand_base_link,world,0.28945041,0.21058317,0.09555315,0.00014692,0.00057971,0.70640054,0.70781207
P1_cercana,1,0.154734,L_hand_base_link,world,0.28945041,0.21058317,0.09555315,0.00014692,0.00057971,0.70640054,0.70781207
P1_cercana,1,0.174753,L_hand_base_link,world,0.28945041,0.21058317,0.09555315,0.00014692,0.00057971,0.70640054,0.70781207
P1_cercana,1,0.194635,L_hand_base_link,world,0.29219031,0.21263183,0.09666914,0.00043156,0.00166933,0.70507140,0.70913422
P1_cercana,1,0.214792,L_hand_base_link,world,0.29219031,0.21263183,0.09666914,0.00043156,0.00166933,0.70507140,0.70913422
P1_cercana,1,0.234728,L_hand_base_link,world,0.29219031,0.21263183,0.09666914,0.00043156,0.00166933,0.70507140,0.70913422
P1_cercana,1,0.254643,L_hand_base_link,world,0.29219031,0.21263183,0.09666914,0.00043156,0.00166933,0.70507140,0.70913422
P1_cercana,1,0.274690,L_hand_base_link,world,0.29635561,0.21575131,0.09844953,0.00088122,0.00331274,0.70306301,0.71111930
P1_cercana,1,0.294874,L_hand_base_link,world,0.29635561,0.21575131,0.09844953,0.00088122,0.00331274,0.70306301,0.71111930
P1_cercana,1,0.314759,L_hand_base_link,world,0.29635561,0.21575131,0.09844953,0.00088122,0.00331274,0.70306301,0.71111930
P1_cercana,1,0.334583,L_hand_base_link,world,0.30194645,0.21994973,0.10100065,0.00151465,0.00549577,0.70038945,0.71373813
P1_cercana,1,0.354761,L_hand_base_link,world,0.30194645,0.21994973,0.10100065,0.00151465,0.00549577,0.70038945,0.71373813
P1_cercana,1,0.374731,L_hand_base_link,world,0.30194645,0.21994973,0.10100065,0.00151465,0.00549577,0.70038945,0.71373813
P1_cercana,1,0.394710,L_hand_base_link,world,0.30194645,0.21994973,0.10100065,0.00151465,0.00549577,0.70038945,0.71373813
P1_cercana,1,0.414611,L_hand_base_link,world,0.30849282,0.22488571,0.10422814,0.00229567,0.00802232,0.69728937,0.71674117
P1_cercana,1,0.434714,L_hand_base_link,world,0.30849282,0.22488571,0.10422814,0.00229567,0.00802232,0.69728937,0.71674117
P1_cercana,1,0.454759,L_hand_base_link,world,0.30849282,0.22488571,0.10422814,0.00229567,0.00802232,0.69728937,0.71674117
P1_cercana,1,0.474582,L_hand_base_link,world,0.31389183,0.22897598,0.10709034,0.00296820,0.01008517,0.69475560,0.71916906
P1_cercana,1,0.494756,L_hand_base_link,world,0.31389183,0.22897598,0.10709034,0.00296820,0.01008517,0.69475560,0.71916906
P1_cercana,1,0.514725,L_hand_base_link,world,0.31389183,0.22897598,0.10709034,0.00296820,0.01008517,0.69475560,0.71916906
P1_cercana,1,0.534783,L_hand_base_link,world,0.31389183,0.22897598,0.10709034,0.00296820,0.01008517,0.69475560,0.71916906
P1_cercana,1,0.554834,L_hand_base_link,world,0.31785350,0.23199022,0.10930891,0.00347622,0.01158846,0.69290865,0.72092387
P1_cercana,1,0.574677,L_hand_base_link,world,0.31785350,0.23199022,0.10930891,0.00347622,0.01158846,0.69290865,0.72092387
P1_cercana,1,0.594711,L_hand_base_link,world,0.31785350,0.23199022,0.10930891,0.00347622,0.01158846,0.69290865,0.72092387
P1_cercana,1,0.614632,L_hand_base_link,world,0.32039425,0.23392971,0.11078564,0.00380791,0.01254848,0.69172926,0.72203785
P1_cercana,1,0.634709,L_hand_base_link,world,0.32039425,0.23392971,0.11078564,0.00380791,0.01254848,0.69172926,0.72203785
P1_cercana,1,0.654754,L_hand_base_link,world,0.32039425,0.23392971,0.11078564,0.00380791,0.01254848,0.69172926,0.72203785
P1_cercana,1,0.674707,L_hand_base_link,world,0.32039425,0.23392971,0.11078564,0.00380791,0.01254848,0.69172926,0.72203785
P1_cercana,1,0.694700,L_hand_base_link,world,0.32152010,0.23479083,0.11145367,0.00395626,0.01297295,0.69120789,0.72252869
P1_cercana,1,0.714845,L_hand_base_link,world,0.32152010,0.23479083,0.11145367,0.00395626,0.01297295,0.69120789,0.72252869
P1_cercana,2,0.014507,L_hand_base_link,world,0.28800541,0.20949688,0.09498520,-0.00002493,-0.00002232,0.70707017,0.70714339
P1_cercana,2,0.034520,L_hand_base_link,world,0.28800541,0.20949688,0.09498520,-0.00002493,-0.00002232,0.70707017,0.70714339
P1_cercana,2,0.054538,L_hand_base_link,world,0.28800541,0.20949688,0.09498520,-0.00002493,-0.00002232,0.70707017,0.70714339
P1_cercana,2,0.074394,L_hand_base_link,world,0.28813325,0.20948770,0.09509420,-0.00026421,-0.00013739,0.70704896,0.70716453
P1_cercana,2,0.094531,L_hand_base_link,world,0.28813325,0.20948770,0.09509420,-0.00026421,-0.00013739,0.70704896,0.70716453
P1_cercana,2,0.114518,L_hand_base_link,world,0.28813325,0.20948770,0.09509420,-0.00026421,-0.00013739,0.70704896,0.70716453
P1_cercana,2,0.134514,L_hand_base_link,world,0.28813325,0.20948770,0.09509420,-0.00026421,-0.00013739,0.70704896,0.70716453
P1_cercana,2,0.154670,L_hand_base_link,world,0.28884122,0.20943669,0.09569810,-0.00158836,-0.00076445,0.70692993,0.70728139
P1_cercana,2,0.174527,L_hand_base_link,world,0.28884122,0.20943669,0.09569810,-0.00158836,-0.00076445,0.70692993,0.70728139
P1_cercana,2,0.194557,L_hand_base_link,world,0.28884122,0.20943669,0.09569810,-0.00158836,-0.00076445,0.70692993,0.70728139
P1_cercana,2,0.215040,L_hand_base_link,world,0.29007625,0.20934719,0.09675248,-0.00389332,-0.00181564,0.70671611,0.70748419
P1_cercana,2,0.234543,L_hand_base_link,world,0.29007625,0.20934719,0.09675248,-0.00389332,-0.00181564,0.70671611,0.70748419
P1_cercana,2,0.254519,L_hand_base_link,world,0.29007625,0.20934719,0.09675248,-0.00389332,-0.00181564,0.70671611,0.70748419
P1_cercana,2,0.274517,L_hand_base_link,world,0.29007625,0.20934719,0.09675248,-0.00389332,-0.00181564,0.70671611,0.70748419
P1_cercana,2,0.294504,L_hand_base_link,world,0.29181763,0.20922116,0.09824019,-0.00712813,-0.00320024,0.70640265,0.70776709
P1_cercana,2,0.314656,L_hand_base_link,world,0.29181763,0.20922116,0.09824019,-0.00712813,-0.00320024,0.70640265,0.70776709
P1_cercana,2,0.334457,L_hand_base_link,world,0.29181763,0.20922116,0.09824019,-0.00712813,-0.00320024,0.70640265,0.70776709
P1_cercana,2,0.354390,L_hand_base_link,world,0.29401035,0.20906624,0.10011277,-0.01116406,-0.00476738,0.70599189,0.70811587
P1_cercana,2,0.374720,L_hand_base_link,world,0.29401035,0.20906624,0.10011277,-0.01116406,-0.00476738,0.70599189,0.70811587
P1_cercana,2,0.394541,L_hand_base_link,world,0.29401035,0.20906624,0.10011277,-0.01116406,-0.00476738,0.70599189,0.70811587
P1_cercana,2,0.414614,L_hand_base_link,world,0.29401035,0.20906624,0.10011277,-0.01116406,-0.00476738,0.70599189,0.70811587
P1_cercana,2,0.434529,L_hand_base_link,world,0.29658220,0.20889780,0.10230283,-0.01581854,-0.00632637,0.70549631,0.70850880
P1_cercana,2,0.454489,L_hand_base_link,world,0.29658220,0.20889780,0.10230283,-0.01581854,-0.00632637,0.70549631,0.70850880
P1_cercana,2,0.474678,L_hand_base_link,world,0.29658220,0.20889780,0.10230283,-0.01581854,-0.00632637,0.70549631,0.70850880
P1_cercana,2,0.494414,L_hand_base_link,world,0.29945380,0.20874250,0.10473009,-0.02086331,-0.00765945,0.70494388,0.70891479
P1_cercana,2,0.514569,L_hand_base_link,world,0.29945380,0.20874250,0.10473009,-0.02086331,-0.00765945,0.70494388,0.70891479
P1_cercana,2,0.534606,L_hand_base_link,world,0.29945380,0.20874250,0.10473009,-0.02086331,-0.00765945,0.70494388,0.70891479
P1_cercana,2,0.554543,L_hand_base_link,world,0.29945380,0.20874250,0.10473009,-0.02086331,-0.00765945,0.70494388,0.70891479
P1_cercana,2,0.574495,L_hand_base_link,world,0.30253138,0.20864392,0.10729280,-0.02600033,-0.00852607,0.70438811,0.70928744
P1_cercana,2,0.594537,L_hand_base_link,world,0.30253138,0.20864392,0.10729280,-0.02600033,-0.00852607,0.70438811,0.70928744
P1_cercana,2,0.614587,L_hand_base_link,world,0.30253138,0.20864392,0.10729280,-0.02600033,-0.00852607,0.70438811,0.70928744
P1_cercana,2,0.634847,L_hand_base_link,world,0.30571179,0.20866769,0.10987049,-0.03086165,-0.00868043,0.70391630,0.70955905
P1_cercana,2,0.654471,L_hand_base_link,world,0.30571179,0.20866769,0.10987049,-0.03086165,-0.00868043,0.70391630,0.70955905
P1_cercana,2,0.674515,L_hand_base_link,world,0.30571179,0.20866769,0.10987049,-0.03086165,-0.00868043,0.70391630,0.70955905
P1_cercana,2,0.694671,L_hand_base_link,world,0.30571179,0.20866769,0.10987049,-0.03086165,-0.00868043,0.70391630,0.70955905
P1_cercana,2,0.714499,L_hand_base_link,world,0.30889783,0.20890821,0.11233582,-0.03502389,-0.00788734,0.70365697,0.70963229
P1_cercana,2,0.734563,L_hand_base_link,world,0.30889783,0.20890821,0.11233582,-0.03502389,-0.00788734,0.70365697,0.70963229
P1_cercana,2,0.754510,L_hand_base_link,world,0.30889783,0.20890821,0.11233582,-0.03502389,-0.00788734,0.70365697,0.70963229
P1_cercana,2,0.774390,L_hand_base_link,world,0.31196950,0.20949232,0.11453419,-0.03796821,-0.00595039,0.70379002,0.70936776
P1_cercana,2,0.794662,L_hand_base_link,world,0.31196950,0.20949232,0.11453419,-0.03796821,-0.00595039,0.70379002,0.70936776
P1_cercana,2,0.814506,L_hand_base_link,world,0.31196950,0.20949232,0.11453419,-0.03796821,-0.00595039,0.70379002,0.70936776
P1_cercana,2,0.834496,L_hand_base_link,world,0.31196950,0.20949232,0.11453419,-0.03796821,-0.00595039,0.70379002,0.70936776
P1_cercana,2,0.854669,L_hand_base_link,world,0.31482270,0.21058439,0.11632002,-0.03914504,-0.00273560,0.70454461,0.70857397
P1_cercana,2,0.874506,L_hand_base_link,world,0.31482270,0.21058439,0.11632002,-0.03914504,-0.00273560,0.70454461,0.70857397
P1_cercana,2,0.894599,L_hand_base_link,world,0.31482270,0.21058439,0.11632002,-0.03914504,-0.00273560,0.70454461,0.70857397
P1_cercana,2,0.914521,L_hand_base_link,world,0.31706727,0.21212174,0.11743816,-0.03826190,0.00117862,0.70593772,0.70723870
P1_cercana,2,0.934560,L_hand_base_link,world,0.31706727,0.21212174,0.11743816,-0.03826190,0.00117862,0.70593772,0.70723870
P1_cercana,2,0.954684,L_hand_base_link,world,0.31706727,0.21212174,0.11743816,-0.03826190,0.00117862,0.70593772,0.70723870
P1_cercana,2,0.974539,L_hand_base_link,world,0.31706727,0.21212174,0.11743816,-0.03826190,0.00117862,0.70593772,0.70723870
P1_cercana,2,0.994495,L_hand_base_link,world,0.31874054,0.21398939,0.11799687,-0.03577966,0.00530241,0.70783420,0.70545194
P1_cercana,2,1.014550,L_hand_base_link,world,0.31874054,0.21398939,0.11799687,-0.03577966,0.00530241,0.70783420,0.70545194
P1_cercana,2,1.034579,L_hand_base_link,world,0.31874054,0.21398939,0.11799687,-0.03577966,0.00530241,0.70783420,0.70545194
P1_cercana,2,1.054390,L_hand_base_link,world,0.31996448,0.21608329,0.11815517,-0.03220494,0.00935223,0.71008575,0.70331614
P1_cercana,2,1.074560,L_hand_base_link,world,0.31996448,0.21608329,0.11815517,-0.03220494,0.00935223,0.71008575,0.70331614
P1_cercana,2,1.094563,L_hand_base_link,world,0.31996448,0.21608329,0.11815517,-0.03220494,0.00935223,0.71008575,0.70331614
P1_cercana,2,1.114667,L_hand_base_link,world,0.31996448,0.21608329,0.11815517,-0.03220494,0.00935223,0.71008575,0.70331614
P1_cercana,2,1.134513,L_hand_base_link,world,0.32083835,0.21828807,0.11804574,-0.02799789,0.01313090,0.71253151,0.70095830
P1_cercana,2,1.154533,L_hand_base_link,world,0.32083835,0.21828807,0.11804574,-0.02799789,0.01313090,0.71253151,0.70095830
P1_cercana,2,1.174668,L_hand_base_link,world,0.32083835,0.21828807,0.11804574,-0.02799789,0.01313090,0.71253151,0.70095830
P1_cercana,2,1.194390,L_hand_base_link,world,0.32144403,0.22048607,0.11777634,-0.02356356,0.01651053,0.71501209,0.69851977
P1_cercana,2,1.214599,L_hand_base_link,world,0.32144403,0.22048607,0.11777634,-0.02356356,0.01651053,0.71501209,0.69851977
P1_cercana,2,1.234535,L_hand_base_link,world,0.32144403,0.22048607,0.11777634,-0.02356356,0.01651053,0.71501209,0.69851977
P1_cercana,2,1.254510,L_hand_base_link,world,0.32144403,0.22048607,0.11777634,-0.02356356,0.01651053,0.71501209,0.69851977
P1_cercana,2,1.274529,L_hand_base_link,world,0.32184897,0.22256440,0.11743159,-0.01924749,0.01941536,0.71737950,0.69614598
P1_cercana,2,1.294518,L_hand_base_link,world,0.32184897,0.22256440,0.11743159,-0.01924749,0.01941536,0.71737950,0.69614598
P1_cercana,2,1.314528,L_hand_base_link,world,0.32184897,0.22256440,0.11743159,-0.01924749,0.01941536,0.71737950,0.69614598
P1_cercana,2,1.334437,L_hand_base_link,world,0.32210809,0.22441996,0.11707587,-0.01533602,0.02180586,0.71950302,0.69397746
P1_cercana,2,1.354482,L_hand_base_link,world,0.32210809,0.22441996,0.11707587,-0.01533602,0.02180586,0.71950302,0.69397746
P1_cercana,2,1.374624,L_hand_base_link,world,0.32210809,0.22441996,0.11707587,-0.01533602,0.02180586,0.71950302,0.69397746
P1_cercana,2,1.394520,L_hand_base_link,world,0.32210809,0.22441996,0.11707587,-0.01533602,0.02180586,0.71950302,0.69397746
P1_cercana,2,1.414671,L_hand_base_link,world,0.32226503,0.22596158,0.11675679,-0.01206226,0.02366379,0.72127082,0.69214373
P1_cercana,2,1.434679,L_hand_base_link,world,0.32226503,0.22596158,0.11675679,-0.01206226,0.02366379,0.72127082,0.69214373
P1_cercana,2,1.454549,L_hand_base_link,world,0.32226503,0.22596158,0.11675679,-0.01206226,0.02366379,0.72127082,0.69214373
P1_cercana,2,1.474415,L_hand_base_link,world,0.32235352,0.22711854,0.11650716,-0.00959714,0.02498880,0.72259833,0.69074967
P1_cercana,2,1.494530,L_hand_base_link,world,0.32235352,0.22711854,0.11650716,-0.00959714,0.02498880,0.72259833,0.69074967
P1_cercana,2,1.514508,L_hand_base_link,world,0.32235352,0.22711854,0.11650716,-0.00959714,0.02498880,0.72259833,0.69074967
P1_cercana,2,1.534691,L_hand_base_link,world,0.32235352,0.22711854,0.11650716,-0.00959714,0.02498880,0.72259833,0.69074967
P1_cercana,2,1.554532,L_hand_base_link,world,0.32239719,0.22783602,0.11634895,-0.00806635,0.02578259,0.72342162,0.68987778
P1_cercana,2,1.574606,L_hand_base_link,world,0.32239719,0.22783602,0.11634895,-0.00806635,0.02578259,0.72342162,0.68987778
P1_cercana,2,1.594533,L_hand_base_link,world,0.32239719,0.22783602,0.11634895,-0.00806635,0.02578259,0.72342162,0.68987778
P1_cercana,2,1.614418,L_hand_base_link,world,0.32241034,0.22808221,0.11629416,-0.00754088,0.02605023,0.72370408,0.68957735
P1_cercana,2,1.634598,L_hand_base_link,world,0.32241034,0.22808221,0.11629416,-0.00754088,0.02605023,0.72370408,0.68957735
P1_cercana,2,1.654627,L_hand_base_link,world,0.32241034,0.22808221,0.11629416,-0.00754088,0.02605023,0.72370408,0.68957735
P1_cercana,2,1.674490,L_hand_base_link,world,0.32241034,0.22808221,0.11629416,-0.00754088,0.02605023,0.72370408,0.68957735
P1_cercana,3,0.005033,L_hand_base_link,world,0.28798270,0.20948317,0.09498496,-0.00004510,0.00007383,0.70714439,0.70706916
P1_cercana,3,0.024940,L_hand_base_link,world,0.28798270,0.20948317,0.09498496,-0.00004510,0.00007383,0.70714439,0.70706916
P1_cercana,3,0.045193,L_hand_base_link,world,0.28798270,0.20948317,0.09498496,-0.00004510,0.00007383,0.70714439,0.70706916
P1_cercana,3,0.065027,L_hand_base_link,world,0.28798270,0.20948317,0.09498496,-0.00004510,0.00007383,0.70714439,0.70706916
P1_cercana,3,0.085012,L_hand_base_link,world,0.28798270,0.20948317,0.09498496,-0.00004510,0.00007383,0.70714439,0.70706916
P1_cercana,3,0.105206,L_hand_base_link,world,0.28801016,0.21021852,0.09436971,0.00157632,-0.00007971,0.70802607,0.70618453
P1_cercana,3,0.125213,L_hand_base_link,world,0.28801016,0.21021852,0.09436971,0.00157632,-0.00007971,0.70802607,0.70618453
P1_cercana,3,0.145087,L_hand_base_link,world,0.28801016,0.21021852,0.09436971,0.00157632,-0.00007971,0.70802607,0.70618453
P1_cercana,3,0.165255,L_hand_base_link,world,0.28807779,0.21250651,0.09245964,0.00661632,-0.00053916,0.71073845,0.70342504
P1_cercana,3,0.185057,L_hand_base_link,world,0.28807779,0.21250651,0.09245964,0.00661632,-0.00053916,0.71073845,0.70342504
P1_cercana,3,0.205060,L_hand_base_link,world,0.28807779,0.21250651,0.09245964,0.00661632,-0.00053916,0.71073845,0.70342504
P1_cercana,3,0.225061,L_hand_base_link,world,0.28807779,0.21250651,0.09245964,0.00661632,-0.00053916,0.71073845,0.70342504
P1_cercana,3,0.245087,L_hand_base_link,world,0.28813061,0.21628617,0.08931770,0.01492707,-0.00123753,0.71511801,0.69884324
P1_cercana,3,0.265234,L_hand_base_link,world,0.28813061,0.21628617,0.08931770,0.01492707,-0.00123753,0.71511801,0.69884324
P1_cercana,3,0.285055,L_hand_base_link,world,0.28813061,0.21628617,0.08931770,0.01492707,-0.00123753,0.71511801,0.69884324
P1_cercana,3,0.304939,L_hand_base_link,world,0.28808176,0.22158599,0.08493800,0.02655286,-0.00208975,0.72105099,0.69236988
P1_cercana,3,0.325070,L_hand_base_link,world,0.28808176,0.22158599,0.08493800,0.02655286,-0.00208975,0.72105099,0.69236988
P1_cercana,3,0.346539,L_hand_base_link,world,0.28808176,0.22158599,0.08493800,0.02655286,-0.00208975,0.72105099,0.69236988
P1_cercana,3,0.365140,L_hand_base_link,world,0.28808176,0.22158599,0.08493800,0.02655286,-0.00208975,0.72105099,0.69236988
P1_cercana,3,0.385193,L_hand_base_link,world,0.28780979,0.22838730,0.07935662,0.04143526,-0.00296587,0.72831816,0.68397879
P1_cercana,3,0.405058,L_hand_base_link,world,0.28780979,0.22838730,0.07935662,0.04143526,-0.00296587,0.72831816,0.68397879
P1_cercana,3,0.425331,L_hand_base_link,world,0.28780979,0.22838730,0.07935662,0.04143526,-0.00296587,0.72831816,0.68397879
P1_cercana,3,0.444947,L_hand_base_link,world,0.28715979,0.23668784,0.07259455,0.05956084,-0.00370179,0.73667456,0.67360923
P1_cercana,3,0.465111,L_hand_base_link,world,0.28715979,0.23668784,0.07259455,0.05956084,-0.00370179,0.73667456,0.67360923
P1_cercana,3,0.485223,L_hand_base_link,world,0.28715979,0.23668784,0.07259455,0.05956084,-0.00370179,0.73667456,0.67360923
P1_cercana,3,0.505059,L_hand_base_link,world,0.28715979,0.23668784,0.07259455,0.05956084,-0.00370179,0.73667456,0.67360923
P1_cercana,3,0.525128,L_hand_base_link,world,0.28594806,0.24643784,0.06470450,0.08083145,-0.00409146,0.74579154,0.66124467
P1_cercana,3,0.545099,L_hand_base_link,world,0.28594806,0.24643784,0.06470450,0.08083145,-0.00409146,0.74579154,0.66124467
P1_cercana,3,0.565046,L_hand_base_link,world,0.28594806,0.24643784,0.06470450,0.08083145,-0.00409146,0.74579154,0.66124467
P1_cercana,3,0.584982,L_hand_base_link,world,0.28396340,0.25757633,0.05573434,0.10515546,-0.00389202,0.75530730,0.64686789
P1_cercana,3,0.605074,L_hand_base_link,world,0.28396340,0.25757633,0.05573434,0.10515546,-0.00389202,0.75530730,0.64686789
P1_cercana,3,0.625157,L_hand_base_link,world,0.28396340,0.25757633,0.05573434,0.10515546,-0.00389202,0.75530730,0.64686789
P1_cercana,3,0.645199,L_hand_base_link,world,0.28396340,0.25757633,0.05573434,0.10515546,-0.00389202,0.75530730,0.64686789
P1_cercana,3,0.665002,L_hand_base_link,world,0.28097262,0.27000403,0.04574125,0.13240181,-0.00282167,0.76481266,0.63049457
P1_cercana,3,0.685100,L_hand_base_link,world,0.28097262,0.27000403,0.04574125,0.13240181,-0.00282167,0.76481266,0.63049457
P1_cercana,3,0.705083,L_hand_base_link,world,0.28097262,0.27000403,0.04574125,0.13240181,-0.00282167,0.76481266,0.63049457
P1_cercana,3,0.724941,L_hand_base_link,world,0.27673757,0.28354556,0.03481344,0.16233021,-0.00056710,0.77384076,0.61222467
P1_cercana,3,0.745232,L_hand_base_link,world,0.27673757,0.28354556,0.03481344,0.16233021,-0.00056710,0.77384076,0.61222467
P1_cercana,3,0.765093,L_hand_base_link,world,0.27673757,0.28354556,0.03481344,0.16233021,-0.00056710,0.77384076,0.61222467
P1_cercana,3,0.785102,L_hand_base_link,world,0.27673757,0.28354556,0.03481344,0.16233021,-0.00056710,0.77384076,0.61222467
P1_cercana,3,0.805204,L_hand_base_link,world,0.27101291,0.29799368,0.02302562,0.19470100,0.00321637,0.78191900,0.59218566
P1_cercana,3,0.825079,L_hand_base_link,world,0.27101291,0.29799368,0.02302562,0.19470100,0.00321637,0.78191900,0.59218566
P1_cercana,3,0.845066,L_hand_base_link,world,0.27101291,0.29799368,0.02302562,0.19470100,0.00321637,0.78191900,0.59218566
P1_cercana,3,0.864973,L_hand_base_link,world,0.26356366,0.31307155,0.01046037,0.22920402,0.00889896,0.78855592,0.57058381
P1_cercana,3,0.885041,L_hand_base_link,world,0.26356366,0.31307155,0.01046037,0.22920402,0.00889896,0.78855592,0.57058381
P1_cercana,3,0.905269,L_hand_base_link,world,0.26356366,0.31307155,0.01046037,0.22920402,0.00889896,0.78855592,0.57058381
P1_cercana,3,0.925044,L_hand_base_link,world,0.26356366,0.31307155,0.01046037,0.22920402,0.00889896,0.78855592,0.57058381
P1_cercana,3,0.945074,L_hand_base_link,world,0.25419628,0.32840280,-0.00277460,0.26539723,0.01685456,0.79325123,0.54775243
P1_cercana,3,0.965212,L_hand_base_link,world,0.25419628,0.32840280,-0.00277460,0.26539723,0.01685456,0.79325123,0.54775243
P1_cercana,3,0.985087,L_hand_base_link,world,0.25419628,0.32840280,-0.00277460,0.26539723,0.01685456,0.79325123,0.54775243
P1_cercana,3,1.004941,L_hand_base_link,world,0.24278027,0.34352400,-0.01655935,0.30273019,0.02744147,0.79553307,0.52414552
P1_cercana,3,1.025108,L_hand_base_link,world,0.24278027,0.34352400,-0.01655935,0.30273019,0.02744147,0.79553307,0.52414552
P1_cercana,3,1.045031,L_hand_base_link,world,0.24278027,0.34352400,-0.01655935,0.30273019,0.02744147,0.79553307,0.52414552
P1_cercana,3,1.065250,L_hand_base_link,world,0.24278027,0.34352400,-0.01655935,0.30273019,0.02744147,0.79553307,0.52414552
P1_cercana,3,1.085021,L_hand_base_link,world,0.22925379,0.35791150,-0.03078548,0.34059965,0.04099933,0.79498628,0.50030766
P1_cercana,3,1.105118,L_hand_base_link,world,0.22925379,0.35791150,-0.03078548,0.34059965,0.04099933,0.79498628,0.50030766
P1_cercana,3,1.125225,L_hand_base_link,world,0.22925379,0.35791150,-0.03078548,0.34059965,0.04099933,0.79498628,0.50030766
P1_cercana,3,1.144941,L_hand_base_link,world,0.21365879,0.37096731,-0.04533966,0.37829866,0.05781919,0.79126830,0.47690833
P1_cercana,3,1.165112,L_hand_base_link,world,0.21365879,0.37096731,-0.04533966,0.37829866,0.05781919,0.79126830,0.47690833
P1_cercana,3,1.185073,L_hand_base_link,world,0.21365879,0.37096731,-0.04533966,0.37829866,0.05781919,0.79126830,0.47690833
P1_cercana,3,1.205036,L_hand_base_link,world,0.21365879,0.37096731,-0.04533966,0.37829866,0.05781919,0.79126830,0.47690833
P1_cercana,3,1.225167,L_hand_base_link,world,0.19619602,0.38201667,-0.06007987,0.41495960,0.07808234,0.78415032,0.45477462
P1_cercana,3,1.245042,L_hand_base_link,world,0.19619602,0.38201667,-0.06007987,0.41495960,0.07808234,0.78415032,0.45477462
P1_cercana,3,1.265115,L_hand_base_link,world,0.19619602,0.38201667,-0.06007987,0.41495960,0.07808234,0.78415032,0.45477462
P1_cercana,3,1.284992,L_hand_base_link,world,0.17721015,0.39036860,-0.07487055,0.44966035,0.10186968,0.77353915,0.43481642
P1_cercana,3,1.305125,L_hand_base_link,world,0.17721015,0.39036860,-0.07487055,0.44966035,0.10186968,0.77353915,0.43481642
P1_cercana,3,1.325156,L_hand_base_link,world,0.17721015,0.39036860,-0.07487055,0.44966035,0.10186968,0.77353915,0.43481642
P1_cercana,3,1.345062,L_hand_base_link,world,0.17721015,0.39036860,-0.07487055,0.44966035,0.10186968,0.77353915,0.43481642
P1_cercana,3,1.365020,L_hand_base_link,world,0.15727275,0.39532075,-0.08952544,0.48131675,0.12904757,0.75953743,0.41807152
P1_cercana,3,1.385145,L_hand_base_link,world,0.15727275,0.39532075,-0.08952544,0.48131675,0.12904757,0.75953743,0.41807152
P1_cercana,3,1.405033,L_hand_base_link,world,0.15727275,0.39532075,-0.08952544,0.48131675,0.12904757,0.75953743,0.41807152
P1_cercana,3,1.424940,L_hand_base_link,world,0.13712539,0.39623920,-0.10385118,0.50883212,0.15931423,0.74243130,0.40559168
P1_cercana,3,1.445210,L_hand_base_link,world,0.13712539,0.39623920,-0.10385118,0.50883212,0.15931423,0.74243130,0.40559168
P1_cercana,3,1.465064,L_hand_base_link,world,0.13712539,0.39623920,-0.10385118,0.50883212,0.15931423,0.74243130,0.40559168
P1_cercana,3,1.485106,L_hand_base_link,world,0.13712539,0.39623920,-0.10385118,0.50883212,0.15931423,0.74243130,0.40559168
P1_cercana,3,1.505066,L_hand_base_link,world,0.11774659,0.39259734,-0.11758047,0.53101467,0.19206922,0.72275339,0.39844744
P1_cercana,3,1.525083,L_hand_base_link,world,0.11774659,0.39259734,-0.11758047,0.53101467,0.19206922,0.72275339,0.39844744
P1_cercana,3,1.545263,L_hand_base_link,world,0.11774659,0.39259734,-0.11758047,0.53101467,0.19206922,0.72275339,0.39844744
P1_cercana,3,1.564944,L_hand_base_link,world,0.10030239,0.38405763,-0.13037363,0.54667047,0.22641352,0.70127311,0.39762338
P1_cercana,3,1.585138,L_hand_base_link,world,0.10030239,0.38405763,-0.13037363,0.54667047,0.22641352,0.70127311,0.39762338
P1_cercana,3,1.605222,L_hand_base_link,world,0.10030239,0.38405763,-0.13037363,0.54667047,0.22641352,0.70127311,0.39762338
P1_cercana,3,1.625120,L_hand_base_link,world,0.10030239,0.38405763,-0.13037363,0.54667047,0.22641352,0.70127311,0.39762338
P1_cercana,3,1.645022,L_hand_base_link,world,0.08609183,0.37052073,-0.14180325,0.55464654,0.26116082,0.67896096,0.40394834
P1_cercana,3,1.665091,L_hand_base_link,world,0.08609183,0.37052073,-0.14180325,0.55464654,0.26116082,0.67896096,0.40394834
P1_cercana,3,1.685078,L_hand_base_link,world,0.08609183,0.37052073,-0.14180325,0.55464654,0.26116082,0.67896096,0.40394834
P1_cercana,3,1.705444,L_hand_base_link,world,0.07654728,0.35226611,-0.15126885,0.55384626,0.29464541,0.65707445,0.41796121
P1_cercana,3,1.725025,L_hand_base_link,world,0.07654728,0.35226611,-0.15126885,0.55384626,0.29464541,0.65707445,0.41796121
P1_cercana,3,1.745057,L_hand_base_link,world,0.07654728,0.35226611,-0.15126885,0.55384626,0.29464541,0.65707445,0.41796121
P1_cercana,3,1.765192,L_hand_base_link,world,0.07654728,0.35226611,-0.15126885,0.55384626,0.29464541,0.65707445,0.41796121
P1_cercana,3,1.785051,L_hand_base_link,world,0.07303285,0.33021785,-0.15798602,0.54353881,0.32461832,0.63718583,0.43952557
P1_cercana,3,1.805162,L_hand_base_link,world,0.07303285,0.33021785,-0.15798602,0.54353881,0.32461832,0.63718583,0.43952557
P1_cercana,3,1.825090,L_hand_base_link,world,0.07303285,0.33021785,-0.15798602,0.54353881,0.32461832,0.63718583,0.43952557
P1_cercana,3,1.844940,L_hand_base_link,world,0.07607342,0.30707538,-0.16111089,0.52488217,0.34776434,0.62149050,0.46616331
P1_cercana,3,1.865079,L_hand_base_link,world,0.07607342,0.30707538,-0.16111089,0.52488217,0.34776434,0.62149050,0.46616331
P1_cercana,3,1.885001,L_hand_base_link,world,0.07607342,0.30707538,-0.16111089,0.52488217,0.34776434,0.62149050,0.46616331
P1_cercana,3,1.905121,L_hand_base_link,world,0.07607342,0.30707538,-0.16111089,0.52488217,0.34776434,0.62149050,0.46616331
P1_cercana,3,1.925168,L_hand_base_link,world,0.08493441,0.28440187,-0.16058962,0.49950991,0.36341089,0.61034695,0.49588201
P1_cercana,3,1.945072,L_hand_base_link,world,0.08493441,0.28440187,-0.16058962,0.49950991,0.36341089,0.61034695,0.49588201
P1_cercana,3,1.965113,L_hand_base_link,world,0.08493441,0.28440187,-0.16058962,0.49950991,0.36341089,0.61034695,0.49588201
P1_cercana,3,1.984967,L_hand_base_link,world,0.09858385,0.26335571,-0.15651613,0.46899605,0.37146381,0.60366400,0.52692231
P1_cercana,3,2.005041,L_hand_base_link,world,0.09858385,0.26335571,-0.15651613,0.46899605,0.37146381,0.60366400,0.52692231
P1_cercana,3,2.025224,L_hand_base_link,world,0.09858385,0.26335571,-0.15651613,0.46899605,0.37146381,0.60366400,0.52692231
P1_cercana,3,2.045021,L_hand_base_link,world,0.09858385,0.26335571,-0.15651613,0.46899605,0.37146381,0.60366400,0.52692231
P1_cercana,3,2.065017,L_hand_base_link,world,0.11587202,0.24474343,-0.14909044,0.43478143,0.37219195,0.60108841,0.55779116
P1_cercana,3,2.085083,L_hand_base_link,world,0.11587202,0.24474343,-0.14909044,0.43478143,0.37219195,0.60108841,0.55779116
P1_cercana,3,2.105121,L_hand_base_link,world,0.11587202,0.24474343,-0.14909044,0.43478143,0.37219195,0.60108841,0.55779116
P1_cercana,3,2.124940,L_hand_base_link,world,0.13562710,0.22906670,-0.13861201,0.39817265,0.36613003,0.60210618,0.58726101
P1_cercana,3,2.145102,L_hand_base_link,world,0.13562710,0.22906670,-0.13861201,0.39817265,0.36613003,0.60210618,0.58726101
P1_cercana,3,2.165086,L_hand_base_link,world,0.13562710,0.22906670,-0.13861201,0.39817265,0.36613003,0.60210618,0.58726101
P1_cercana,3,2.185084,L_hand_base_link,world,0.13562710,0.22906670,-0.13861201,0.39817265,0.36613003,0.60210618,0.58726101
P1_cercana,3,2.205034,L_hand_base_link,world,0.15673983,0.21655128,-0.12546577,0.36031783,0.35401322,0.60611055,0.61439051
P1_cercana,3,2.225043,L_hand_base_link,world,0.15673983,0.21655128,-0.12546577,0.36031783,0.35401322,0.60611055,0.61439051
P1_cercana,3,2.245208,L_hand_base_link,world,0.15673983,0.21655128,-0.12546577,0.36031783,0.35401322,0.60611055,0.61439051
P1_cercana,3,2.264968,L_hand_base_link,world,0.17823860,0.20718872,-0.11008994,0.32217264,0.33669719,0.61246603,0.63853360
P1_cercana,3,2.285127,L_hand_base_link,world,0.17823860,0.20718872,-0.11008994,0.32217264,0.33669719,0.61246603,0.63853360
P1_cercana,3,2.305078,L_hand_base_link,world,0.17823860,0.20718872,-0.11008994,0.32217264,0.33669719,0.61246603,0.63853360
P1_cercana,3,2.325112,L_hand_base_link,world,0.17823860,0.20718872,-0.11008994,0.32217264,0.33669719,0.61246603,0.63853360
P1_cercana,3,2.345237,L_hand_base_link,world,0.19926720,0.20081252,-0.09299630,0.28460775,0.31515074,0.62053453,0.65925363
P1_cercana,3,2.365157,L_hand_base_link,world,0.19926720,0.20081252,-0.09299630,0.28460775,0.31515074,0.62053453,0.65925363
P1_cercana,3,2.385061,L_hand_base_link,world,0.19926720,0.20081252,-0.09299630,0.28460775,0.31515074,0.62053453,0.65925363
P1_cercana,3,2.404960,L_hand_base_link,world,0.21921338,0.19710865,-0.07466134,0.24821894,0.29030484,0.62974561,0.67641032
P1_cercana,3,2.425110,L_hand_base_link,world,0.21921338,0.19710865,-0.07466134,0.24821894,0.29030484,0.62974561,0.67641032
P1_cercana,3,2.445095,L_hand_base_link,world,0.21921338,0.19710865,-0.07466134,0.24821894,0.29030484,0.62974561,0.67641032
P1_cercana,3,2.465114,L_hand_base_link,world,0.21921338,0.19710865,-0.07466134,0.24821894,0.29030484,0.62974561,0.67641032
P1_cercana,3,2.485026,L_hand_base_link,world,0.23759871,0.19570320,-0.05558886,0.21353656,0.26311465,0.63957960,0.69000779
P1_cercana,3,2.505245,L_hand_base_link,world,0.23759871,0.19570320,-0.05558886,0.21353656,0.26311465,0.63957960,0.69000779
P1_cercana,3,2.525065,L_hand_base_link,world,0.23759871,0.19570320,-0.05558886,0.21353656,0.26311465,0.63957960,0.69000779
P1_cercana,3,2.544951,L_hand_base_link,world,0.25412262,0.19618219,-0.03624916,0.18094222,0.23447846,0.64959826,0.70021559
P1_cercana,3,2.565207,L_hand_base_link,world,0.25412262,0.19618219,-0.03624916,0.18094222,0.23447846,0.64959826,0.70021559
P1_cercana,3,2.585112,L_hand_base_link,world,0.25412262,0.19618219,-0.03624916,0.18094222,0.23447846,0.64959826,0.70021559
P1_cercana,3,2.605227,L_hand_base_link,world,0.25412262,0.19618219,-0.03624916,0.18094222,0.23447846,0.64959826,0.70021559
P1_cercana,3,2.625000,L_hand_base_link,world,0.26862987,0.19812727,-0.01707571,0.15070876,0.20522993,0.65944382,0.70731986
P1_cercana,3,2.645086,L_hand_base_link,world,0.26862987,0.19812727,-0.01707571,0.15070876,0.20522993,0.65944382,0.70731986
P1_cercana,3,2.665243,L_hand_base_link,world,0.26862987,0.19812727,-0.01707571,0.15070876,0.20522993,0.65944382,0.70731986
P1_cercana,3,2.684968,L_hand_base_link,world,0.28109235,0.20114040,0.00155316,0.12300387,0.17611102,0.66884175,0.71169211
P1_cercana,3,2.705065,L_hand_base_link,world,0.28109235,0.20114040,0.00155316,0.12300387,0.17611102,0.66884175,0.71169211
P1_cercana,3,2.725207,L_hand_base_link,world,0.28109235,0.20114040,0.00155316,0.12300387,0.17611102,0.66884175,0.71169211
P1_cercana,3,2.745029,L_hand_base_link,world,0.28109235,0.20114040,0.00155316,0.12300387,0.17611102,0.66884175,0.71169211
P1_cercana,3,2.765051,L_hand_base_link,world,0.29156971,0.20485716,0.01930067,0.09793517,0.14779370,0.67758533,0.71375335
P1_cercana,3,2.785067,L_hand_base_link,world,0.29156971,0.20485716,0.01930067,0.09793517,0.14779370,0.67758533,0.71375335
P1_cercana,3,2.805040,L_hand_base_link,world,0.29156971,0.20485716,0.01930067,0.09793517,0.14779370,0.67758533,0.71375335
P1_cercana,3,2.824981,L_hand_base_link,world,0.30020402,0.20896233,0.03590636,0.07551809,0.12082491,0.68554353,0.71395268
P1_cercana,3,2.844984,L_hand_base_link,world,0.30020402,0.20896233,0.03590636,0.07551809,0.12082491,0.68554353,0.71395268
P1_cercana,3,2.865112,L_hand_base_link,world,0.30020402,0.20896233,0.03590636,0.07551809,0.12082491,0.68554353,0.71395268
P1_cercana,3,2.885058,L_hand_base_link,world,0.30020402,0.20896233,0.03590636,0.07551809,0.12082491,0.68554353,0.71395268
P1_cercana,3,2.904956,L_hand_base_link,world,0.30716966,0.21318418,0.05113944,0.05575361,0.09570036,0.69262872,0.71274008
P1_cercana,3,2.925108,L_hand_base_link,world,0.30716966,0.21318418,0.05113944,0.05575361,0.09570036,0.69262872,0.71274008
P1_cercana,3,2.945057,L_hand_base_link,world,0.30716966,0.21318418,0.05113944,0.05575361,0.09570036,0.69262872,0.71274008
P1_cercana,3,2.964938,L_hand_base_link,world,0.31267042,0.21730009,0.06482414,0.03859942,0.07282267,0.69880048,0.71055249
P1_cercana,3,2.985201,L_hand_base_link,world,0.31267042,0.21730009,0.06482414,0.03859942,0.07282267,0.69880048,0.71055249
P1_cercana,3,3.005042,L_hand_base_link,world,0.31267042,0.21730009,0.06482414,0.03859942,0.07282267,0.69880048,0.71055249
P1_cercana,3,3.025102,L_hand_base_link,world,0.31267042,0.21730009,0.06482414,0.03859942,0.07282267,0.69880048,0.71055249
P1_cercana,3,3.045199,L_hand_base_link,world,0.31692237,0.22113710,0.07684193,0.02397398,0.05249397,0.70405768,0.70779405
P1_cercana,3,3.065037,L_hand_base_link,world,0.31692237,0.22113710,0.07684193,0.02397398,0.05249397,0.70405768,0.70779405
P1_cercana,3,3.085091,L_hand_base_link,world,0.31692237,0.22113710,0.07684193,0.02397398,0.05249397,0.70405768,0.70779405
P1_cercana,3,3.104990,L_hand_base_link,world,0.32012356,0.22455266,0.08707995,0.01182176,0.03500021,0.70840855,0.70483512
P1_cercana,3,3.125127,L_hand_base_link,world,0.32012356,0.22455266,0.08707995,0.01182176,0.03500021,0.70840855,0.70483512
P1_cercana,3,3.145287,L_hand_base_link,world,0.32012356,0.22455266,0.08707995,0.01182176,0.03500021,0.70840855,0.70483512
P1_cercana,3,3.165044,L_hand_base_link,world,0.32012356,0.22455266,0.08707995,0.01182176,0.03500021,0.70840855,0.70483512
P1_cercana,3,3.185043,L_hand_base_link,world,0.32246250,0.22744556,0.09547694,0.00205719,0.02053068,0.71188473,0.70199315
P1_cercana,3,3.205114,L_hand_base_link,world,0.32246250,0.22744556,0.09547694,0.00205719,0.02053068,0.71188473,0.70199315
P1_cercana,3,3.225013,L_hand_base_link,world,0.32246250,0.22744556,0.09547694,0.00205719,0.02053068,0.71188473,0.70199315
P1_cercana,3,3.244943,L_hand_base_link,world,0.32409996,0.22974209,0.10199083,-0.00539588,0.00922987,0.71452167,0.69953161
P1_cercana,3,3.265114,L_hand_base_link,world,0.32409996,0.22974209,0.10199083,-0.00539588,0.00922987,0.71452167,0.69953161
P1_cercana,3,3.285029,L_hand_base_link,world,0.32409996,0.22974209,0.10199083,-0.00539588,0.00922987,0.71452167,0.69953161
P1_cercana,3,3.305281,L_hand_base_link,world,0.32409996,0.22974209,0.10199083,-0.00539588,0.00922987,0.71452167,0.69953161
P1_cercana,3,3.325002,L_hand_base_link,world,0.32516189,0.23138720,0.10658387,-0.01058869,0.00122109,0.71634867,0.69766107
P1_cercana,3,3.345112,L_hand_base_link,world,0.32516189,0.23138720,0.10658387,-0.01058869,0.00122109,0.71634867,0.69766107
P1_cercana,3,3.365266,L_hand_base_link,world,0.32516189,0.23138720,0.10658387,-0.01058869,0.00122109,0.71634867,0.69766107
P1_cercana,3,3.384965,L_hand_base_link,world,0.32574152,0.23234862,0.10924212,-0.01357083,-0.00342945,0.71739357,0.69652749
P1_cercana,3,3.405071,L_hand_base_link,world,0.32574152,0.23234862,0.10924212,-0.01357083,-0.00342945,0.71739357,0.69652749
P1_cercana,3,3.425078,L_hand_base_link,world,0.32574152,0.23234862,0.10924212,-0.01357083,-0.00342945,0.71739357,0.69652749
P1_cercana,3,3.445065,L_hand_base_link,world,0.32574152,0.23234862,0.10924212,-0.01357083,-0.00342945,0.71739357,0.69652749
P1_cercana,3,3.465155,L_hand_base_link,world,0.32589657,0.23261441,0.10997379,-0.01438869,-0.00471148,0.71767954,0.69620891
P2_intermedia,1,0.019875,L_hand_base_link,world,0.28802520,0.20951402,0.09497817,0.00006085,-0.00005606,0.70708884,0.70712471
P2_intermedia,1,0.039919,L_hand_base_link,world,0.28802520,0.20951402,0.09497817,0.00006085,-0.00005606,0.70708884,0.70712471
P2_intermedia,1,0.059852,L_hand_base_link,world,0.28802520,0.20951402,0.09497817,0.00006085,-0.00005606,0.70708884,0.70712471
P2_intermedia,1,0.079886,L_hand_base_link,world,0.28816949,0.20959636,0.09503576,0.00002076,-0.00006900,0.70706944,0.70714411
P2_intermedia,1,0.099947,L_hand_base_link,world,0.28816949,0.20959636,0.09503576,0.00002076,-0.00006900,0.70706944,0.70714411
P2_intermedia,1,0.120050,L_hand_base_link,world,0.28816949,0.20959636,0.09503576,0.00002076,-0.00006900,0.70706944,0.70714411
P2_intermedia,1,0.139758,L_hand_base_link,world,0.28941484,0.21030955,0.09553527,-0.00031418,-0.00017819,0.70690485,0.70730856
P2_intermedia,1,0.159860,L_hand_base_link,world,0.28941484,0.21030955,0.09553527,-0.00031418,-0.00017819,0.70690485,0.70730856
P2_intermedia,1,0.180014,L_hand_base_link,world,0.28941484,0.21030955,0.09553527,-0.00031418,-0.00017819,0.70690485,0.70730856
P2_intermedia,1,0.199888,L_hand_base_link,world,0.28941484,0.21030955,0.09553527,-0.00031418,-0.00017819,0.70690485,0.70730856
P2_intermedia,1,0.219840,L_hand_base_link,world,0.29174116,0.21165407,0.09648032,-0.00088654,-0.00037035,0.70661149,0.70760108
P2_intermedia,1,0.239877,L_hand_base_link,world,0.29174116,0.21165407,0.09648032,-0.00088654,-0.00037035,0.70661149,0.70760108
P2_intermedia,1,0.259901,L_hand_base_link,world,0.29174116,0.21165407,0.09648032,-0.00088654,-0.00037035,0.70661149,0.70760108
P2_intermedia,1,0.279747,L_hand_base_link,world,0.29517909,0.21367136,0.09790610,-0.00160497,-0.00062772,0.70621367,0.70799667
P2_intermedia,1,0.299859,L_hand_base_link,world,0.29517909,0.21367136,0.09790610,-0.00160497,-0.00062772,0.70621367,0.70799667
P2_intermedia,1,0.319897,L_hand_base_link,world,0.29517909,0.21367136,0.09790610,-0.00160497,-0.00062772,0.70621367,0.70799667
P2_intermedia,1,0.339969,L_hand_base_link,world,0.29517909,0.21367136,0.09790610,-0.00160497,-0.00062772,0.70621367,0.70799667
P2_intermedia,1,0.359851,L_hand_base_link,world,0.29971656,0.21639192,0.09984289,-0.00231984,-0.00092271,0.70575953,0.70844707
P2_intermedia,1,0.379928,L_hand_base_link,world,0.29971656,0.21639192,0.09984289,-0.00231984,-0.00092271,0.70575953,0.70844707
P2_intermedia,1,0.399859,L_hand_base_link,world,0.29971656,0.21639192,0.09984289,-0.00231984,-0.00092271,0.70575953,0.70844707
P2_intermedia,1,0.419736,L_hand_base_link,world,0.30532751,0.21985348,0.10232853,-0.00283570,-0.00122541,0.70532141,0.70888093
P2_intermedia,1,0.439859,L_hand_base_link,world,0.30532751,0.21985348,0.10232853,-0.00283570,-0.00122541,0.70532141,0.70888093
P2_intermedia,1,0.459856,L_hand_base_link,world,0.30532751,0.21985348,0.10232853,-0.00283570,-0.00122541,0.70532141,0.70888093
P2_intermedia,1,0.479853,L_hand_base_link,world,0.30532751,0.21985348,0.10232853,-0.00283570,-0.00122541,0.70532141,0.70888093
P2_intermedia,1,0.500029,L_hand_base_link,world,0.31198949,0.22411440,0.10541790,-0.00291862,-0.00151011,0.70499976,0.70919993
P2_intermedia,1,0.519862,L_hand_base_link,world,0.31198949,0.22411440,0.10541790,-0.00291862,-0.00151011,0.70499976,0.70919993
P2_intermedia,1,0.539913,L_hand_base_link,world,0.31198949,0.22411440,0.10541790,-0.00291862,-0.00151011,0.70499976,0.70919993
P2_intermedia,1,0.559734,L_hand_base_link,world,0.31968341,0.22925850,0.10918702,-0.00229877,-0.00176102,0.70493117,0.70926981
P2_intermedia,1,0.579858,L_hand_base_link,world,0.31968341,0.22925850,0.10918702,-0.00229877,-0.00176102,0.70493117,0.70926981
P2_intermedia,1,0.600047,L_hand_base_link,world,0.31968341,0.22925850,0.10918702,-0.00229877,-0.00176102,0.70493117,0.70926981
P2_intermedia,1,0.619844,L_hand_base_link,world,0.31968341,0.22925850,0.10918702,-0.00229877,-0.00176102,0.70493117,0.70926981
P2_intermedia,1,0.639874,L_hand_base_link,world,0.32791282,0.23505356,0.11347981,-0.00078834,-0.00196734,0.70526469,0.70894092
P2_intermedia,1,0.660005,L_hand_base_link,world,0.32791282,0.23505356,0.11347981,-0.00078834,-0.00196734,0.70526469,0.70894092
P2_intermedia,1,0.679876,L_hand_base_link,world,0.32791282,0.23505356,0.11347981,-0.00078834,-0.00196734,0.70526469,0.70894092
P2_intermedia,1,0.699743,L_hand_base_link,world,0.33514154,0.24042108,0.11749666,0.00125833,-0.00212171,0.70594751,0.70825986
P2_intermedia,1,0.719860,L_hand_base_link,world,0.33514154,0.24042108,0.11749666,0.00125833,-0.00212171,0.70594751,0.70825986
P2_intermedia,1,0.739871,L_hand_base_link,world,0.33514154,0.24042108,0.11749666,0.00125833,-0.00212171,0.70594751,0.70825986
P2_intermedia,1,0.760010,L_hand_base_link,world,0.33514154,0.24042108,0.11749666,0.00125833,-0.00212171,0.70594751,0.70825986
P2_intermedia,1,0.779805,L_hand_base_link,world,0.34123336,0.24516636,0.12107883,0.00350342,-0.00224952,0.70683629,0.70736491
P2_intermedia,1,0.799852,L_hand_base_link,world,0.34123336,0.24516636,0.12107883,0.00350342,-0.00224952,0.70683629,0.70736491
P2_intermedia,1,0.820107,L_hand_base_link,world,0.34123336,0.24516636,0.12107883,0.00350342,-0.00224952,0.70683629,0.70736491
P2_intermedia,1,0.839952,L_hand_base_link,world,0.34622063,0.24921576,0.12415802,0.00569413,-0.00236236,0.70779566,0.70639033
P2_intermedia,1,0.859859,L_hand_base_link,world,0.34622063,0.24921576,0.12415802,0.00569413,-0.00236236,0.70779566,0.70639033
P2_intermedia,1,0.879873,L_hand_base_link,world,0.34622063,0.24921576,0.12415802,0.00569413,-0.00236236,0.70779566,0.70639033
P2_intermedia,1,0.899934,L_hand_base_link,world,0.34622063,0.24921576,0.12415802,0.00569413,-0.00236236,0.70779566,0.70639033
P2_intermedia,1,0.919994,L_hand_base_link,world,0.35013418,0.25250475,0.12667393,0.00763472,-0.00246101,0.70870456,0.70545978
P2_intermedia,1,0.939866,L_hand_base_link,world,0.35013418,0.25250475,0.12667393,0.00763472,-0.00246101,0.70870456,0.70545978
P2_intermedia,1,0.959857,L_hand_base_link,world,0.35013418,0.25250475,0.12667393,0.00763472,-0.00246101,0.70870456,0.70545978
P2_intermedia,1,0.980171,L_hand_base_link,world,0.35300507,0.25498344,0.12857880,0.00918183,-0.00254117,0.70946320,0.70467809
P2_intermedia,1,0.999955,L_hand_base_link,world,0.35300507,0.25498344,0.12857880,0.00918183,-0.00254117,0.70946320,0.70467809
P2_intermedia,1,1.020025,L_hand_base_link,world,0.35300507,0.25498344,0.12857880,0.00918183,-0.00254117,0.70946320,0.70467809
P2_intermedia,1,1.039873,L_hand_base_link,world,0.35300507,0.25498344,0.12857880,0.00918183,-0.00254117,0.70946320,0.70467809
P2_intermedia,1,1.059851,L_hand_base_link,world,0.35485257,0.25660937,0.12983244,0.01023264,-0.00259694,0.70999411,0.70412848
P2_intermedia,1,1.079997,L_hand_base_link,world,0.35485257,0.25660937,0.12983244,0.01023264,-0.00259694,0.70999411,0.70412848
P2_intermedia,1,1.099856,L_hand_base_link,world,0.35485257,0.25660937,0.12983244,0.01023264,-0.00259694,0.70999411,0.70412848
P2_intermedia,1,1.119731,L_hand_base_link,world,0.35569287,0.25735711,0.13041006,0.01072486,-0.00262350,0.71024692,0.70386605
P2_intermedia,1,1.139970,L_hand_base_link,world,0.35569287,0.25735711,0.13041006,0.01072486,-0.00262350,0.71024692,0.70386605
P2_intermedia,1,1.159817,L_hand_base_link,world,0.35569287,0.25735711,0.13041006,0.01072486,-0.00262350,0.71024692,0.70386605
P2_intermedia,1,1.179869,L_hand_base_link,world,0.35569287,0.25735711,0.13041006,0.01072486,-0.00262350,0.71024692,0.70386605
P2_intermedia,2,0.014035,L_hand_base_link,world,0.28802861,0.20950875,0.09498971,-0.00001286,-0.00002442,0.70707310,0.70714046
P2_intermedia,2,0.034204,L_hand_base_link,world,0.28802861,0.20950875,0.09498971,-0.00001286,-0.00002442,0.70707310,0.70714046
P2_intermedia,2,0.054116,L_hand_base_link,world,0.28802861,0.20950875,0.09498971,-0.00001286,-0.00002442,0.70707310,0.70714046
P2_intermedia,2,0.074194,L_hand_base_link,world,0.28802861,0.20950875,0.09498971,-0.00001286,-0.00002442,0.70707310,0.70714046
P2_intermedia,2,0.094127,L_hand_base_link,world,0.28849441,0.20975107,0.09516529,-0.00021749,-0.00010502,0.70692483,0.70728864
P2_intermedia,2,0.114224,L_hand_base_link,world,0.28849441,0.20975107,0.09516529,-0.00021749,-0.00010502,0.70692483,0.70728864
P2_intermedia,2,0.134153,L_hand_base_link,world,0.28849441,0.20975107,0.09516529,-0.00021749,-0.00010502,0.70692483,0.70728864
P2_intermedia,2,0.154046,L_hand_base_link,world,0.29036270,0.21072751,0.09587761,-0.00102391,-0.00042601,0.70633665,0.70787521
P2_intermedia,2,0.174152,L_hand_base_link,world,0.29036270,0.21072751,0.09587761,-0.00102391,-0.00042601,0.70633665,0.70787521
P2_intermedia,2,0.194195,L_hand_base_link,world,0.29036270,0.21072751,0.09587761,-0.00102391,-0.00042601,0.70633665,0.70787521
P2_intermedia,2,0.214159,L_hand_base_link,world,0.29036270,0.21072751,0.09587761,-0.00102391,-0.00042601,0.70633665,0.70787521
P2_intermedia,2,0.234052,L_hand_base_link,world,0.29355488,0.21241284,0.09712496,-0.00234909,-0.00096629,0.70535629,0.70884840
P2_intermedia,2,0.254157,L_hand_base_link,world,0.29355488,0.21241284,0.09712496,-0.00234909,-0.00096629,0.70535629,0.70884840
P2_intermedia,2,0.274169,L_hand_base_link,world,0.29355488,0.21241284,0.09712496,-0.00234909,-0.00096629,0.70535629,0.70884840
P2_intermedia,2,0.294030,L_hand_base_link,world,0.29809464,0.21484732,0.09896579,-0.00412135,-0.00171812,0.70401760,0.71016849
P2_intermedia,2,0.314296,L_hand_base_link,world,0.29809464,0.21484732,0.09896579,-0.00412135,-0.00171812,0.70401760,0.71016849
P2_intermedia,2,0.334151,L_hand_base_link,world,0.29809464,0.21484732,0.09896579,-0.00412135,-0.00171812,0.70401760,0.71016849
P2_intermedia,2,0.354193,L_hand_base_link,world,0.29809464,0.21484732,0.09896579,-0.00412135,-0.00171812,0.70401760,0.71016849
P2_intermedia,2,0.374159,L_hand_base_link,world,0.30398210,0.21807247,0.10147316,-0.00622855,-0.00266713,0.70238356,0.71176641
P2_intermedia,2,0.394123,L_hand_base_link,world,0.30398210,0.21807247,0.10147316,-0.00622855,-0.00266713,0.70238356,0.71176641
P2_intermedia,2,0.414151,L_hand_base_link,world,0.30398210,0.21807247,0.10147316,-0.00622855,-0.00266713,0.70238356,0.71176641
P2_intermedia,2,0.434425,L_hand_base_link,world,0.31120958,0.22214085,0.10474310,-0.00853081,-0.00379754,0.70054498,0.71354715
P2_intermedia,2,0.454218,L_hand_base_link,world,0.31120958,0.22214085,0.10474310,-0.00853081,-0.00379754,0.70054498,0.71354715
P2_intermedia,2,0.474303,L_hand_base_link,world,0.31120958,0.22214085,0.10474310,-0.00853081,-0.00379754,0.70054498,0.71354715
P2_intermedia,2,0.494160,L_hand_base_link,world,0.31120958,0.22214085,0.10474310,-0.00853081,-0.00379754,0.70054498,0.71354715
P2_intermedia,2,0.514164,L_hand_base_link,world,0.31975840,0.22711647,0.10889639,-0.01086801,-0.00509453,0.69862533,0.71538702
P2_intermedia,2,0.534374,L_hand_base_link,world,0.31975840,0.22711647,0.10889639,-0.01086801,-0.00509453,0.69862533,0.71538702
P2_intermedia,2,0.554123,L_hand_base_link,world,0.31975840,0.22711647,0.10889639,-0.01086801,-0.00509453,0.69862533,0.71538702
P2_intermedia,2,0.574053,L_hand_base_link,world,0.32945579,0.23298891,0.11400393,-0.01304250,-0.00652639,0.69680833,0.71710910
P2_intermedia,2,0.594184,L_hand_base_link,world,0.32945579,0.23298891,0.11400393,-0.01304250,-0.00652639,0.69680833,0.71710910
P2_intermedia,2,0.614136,L_hand_base_link,world,0.32945579,0.23298891,0.11400393,-0.01304250,-0.00652639,0.69680833,0.71710910
P2_intermedia,2,0.634366,L_hand_base_link,world,0.32945579,0.23298891,0.11400393,-0.01304250,-0.00652639,0.69680833,0.71710910
P2_intermedia,2,0.654086,L_hand_base_link,world,0.33853873,0.23872562,0.11919545,-0.01465087,-0.00784222,0.69548115,0.71835216
P2_intermedia,2,0.674201,L_hand_base_link,world,0.33853873,0.23872562,0.11919545,-0.01465087,-0.00784222,0.69548115,0.71835216
P2_intermedia,2,0.694306,L_hand_base_link,world,0.33853873,0.23872562,0.11919545,-0.01465087,-0.00784222,0.69548115,0.71835216
P2_intermedia,2,0.714055,L_hand_base_link,world,0.34618404,0.24374504,0.12389227,-0.01570669,-0.00893929,0.69466514,0.71910621
P2_intermedia,2,0.734192,L_hand_base_link,world,0.34618404,0.24374504,0.12389227,-0.01570669,-0.00893929,0.69466514,0.71910621
P2_intermedia,2,0.754194,L_hand_base_link,world,0.34618404,0.24374504,0.12389227,-0.01570669,-0.00893929,0.69466514,0.71910621
P2_intermedia,2,0.774239,L_hand_base_link,world,0.34618404,0.24374504,0.12389227,-0.01570669,-0.00893929,0.69466514,0.71910621
P2_intermedia,2,0.794255,L_hand_base_link,world,0.35246288,0.24800689,0.12798779,-0.01638422,-0.00983780,0.69421335,0.71951553
P2_intermedia,2,0.814111,L_hand_base_link,world,0.35246288,0.24800689,0.12798779,-0.01638422,-0.00983780,0.69421335,0.71951553
P2_intermedia,2,0.834218,L_hand_base_link,world,0.35246288,0.24800689,0.12798779,-0.01638422,-0.00983780,0.69421335,0.71951553
P2_intermedia,2,0.855010,L_hand_base_link,world,0.35739837,0.25145067,0.13136645,-0.01680429,-0.01054479,0.69400332,0.71969842
P2_intermedia,2,0.874216,L_hand_base_link,world,0.35739837,0.25145067,0.13136645,-0.01680429,-0.01054479,0.69400332,0.71969842
P2_intermedia,2,0.894358,L_hand_base_link,world,0.35739837,0.25145067,0.13136645,-0.01680429,-0.01054479,0.69400332,0.71969842
P2_intermedia,2,0.914193,L_hand_base_link,world,0.35739837,0.25145067,0.13136645,-0.01680429,-0.01054479,0.69400332,0.71969842
P2_intermedia,2,0.934100,L_hand_base_link,world,0.36101079,0.25402622,0.13393251,-0.01705235,-0.01106362,0.69393371,0.71975192
P2_intermedia,2,0.954305,L_hand_base_link,world,0.36101079,0.25402622,0.13393251,-0.01705235,-0.01106362,0.69393371,0.71975192
P2_intermedia,2,0.974087,L_hand_base_link,world,0.36101079,0.25402622,0.13393251,-0.01705235,-0.01106362,0.69393371,0.71975192
P2_intermedia,2,0.994073,L_hand_base_link,world,0.36331988,0.25569780,0.13561546,-0.01718574,-0.01139615,0.69392754,0.71974951
P2_intermedia,2,1.014336,L_hand_base_link,world,0.36331988,0.25569780,0.13561546,-0.01718574,-0.01139615,0.69392754,0.71974951
P2_intermedia,2,1.034127,L_hand_base_link,world,0.36331988,0.25569780,0.13561546,-0.01718574,-0.01139615,0.69392754,0.71974951
P2_intermedia,2,1.054169,L_hand_base_link,world,0.36331988,0.25569780,0.13561546,-0.01718574,-0.01139615,0.69392754,0.71974951
P2_intermedia,2,1.074142,L_hand_base_link,world,0.36433958,0.25644240,0.13636950,-0.01723857,-0.01154327,0.69393450,0.71973918
P2_intermedia,2,1.094122,L_hand_base_link,world,0.36433958,0.25644240,0.13636950,-0.01723857,-0.01154327,0.69393450,0.71973918
P2_intermedia,2,1.114326,L_hand_base_link,world,0.36433958,0.25644240,0.13636950,-0.01723857,-0.01154327,0.69393450,0.71973918
P2_intermedia,3,0.010424,L_hand_base_link,world,0.28800665,0.20949643,0.09498055,0.00004665,0.00000202,0.70704492,0.70716864
P2_intermedia,3,0.030470,L_hand_base_link,world,0.28800665,0.20949643,0.09498055,0.00004665,0.00000202,0.70704492,0.70716864
P2_intermedia,3,0.050430,L_hand_base_link,world,0.28800665,0.20949643,0.09498055,0.00004665,0.00000202,0.70704492,0.70716864
P2_intermedia,3,0.070343,L_hand_base_link,world,0.28813940,0.20953430,0.09505016,-0.00003469,-0.00003994,0.70699571,0.70721783
P2_intermedia,3,0.090660,L_hand_base_link,world,0.28813940,0.20953430,0.09505016,-0.00003469,-0.00003994,0.70699571,0.70721783
P2_intermedia,3,0.110493,L_hand_base_link,world,0.28813940,0.20953430,0.09505016,-0.00003469,-0.00003994,0.70699571,0.70721783
P2_intermedia,3,0.130571,L_hand_base_link,world,0.28813940,0.20953430,0.09505016,-0.00003469,-0.00003994,0.70699571,0.70721783
P2_intermedia,3,0.150443,L_hand_base_link,world,0.28928438,0.20986291,0.09565152,-0.00072449,-0.00039676,0.70657172,0.70764095
P2_intermedia,3,0.170496,L_hand_base_link,world,0.28928438,0.20986291,0.09565152,-0.00072449,-0.00039676,0.70657172,0.70764095
P2_intermedia,3,0.190489,L_hand_base_link,world,0.28928438,0.20986291,0.09565152,-0.00072449,-0.00039676,0.70657172,0.70764095
P2_intermedia,3,0.210320,L_hand_base_link,world,0.29141451,0.21048444,0.09677472,-0.00195077,-0.00103653,0.70578555,0.70842210
P2_intermedia,3,0.230656,L_hand_base_link,world,0.29141451,0.21048444,0.09677472,-0.00195077,-0.00103653,0.70578555,0.70842210
P2_intermedia,3,0.250453,L_hand_base_link,world,0.29141451,0.21048444,0.09677472,-0.00195077,-0.00103653,0.70578555,0.70842210
P2_intermedia,3,0.270445,L_hand_base_link,world,0.29141451,0.21048444,0.09677472,-0.00195077,-0.00103653,0.70578555,0.70842210
P2_intermedia,3,0.290550,L_hand_base_link,world,0.29453723,0.21142121,0.09843166,-0.00361027,-0.00191851,0.70464207,0.70955115
P2_intermedia,3,0.310434,L_hand_base_link,world,0.29453723,0.21142121,0.09843166,-0.00361027,-0.00191851,0.70464207,0.70955115
P2_intermedia,3,0.330492,L_hand_base_link,world,0.29453723,0.21142121,0.09843166,-0.00361027,-0.00191851,0.70464207,0.70955115
P2_intermedia,3,0.350328,L_hand_base_link,world,0.29861642,0.21269552,0.10061448,-0.00551963,-0.00297256,0.70317232,0.71099183
P2_intermedia,3,0.370418,L_hand_base_link,world,0.29861642,0.21269552,0.10061448,-0.00551963,-0.00297256,0.70317232,0.71099183
P2_intermedia,3,0.390453,L_hand_base_link,world,0.29861642,0.21269552,0.10061448,-0.00551963,-0.00297256,0.70317232,0.71099183
P2_intermedia,3,0.410450,L_hand_base_link,world,0.29861642,0.21269552,0.10061448,-0.00551963,-0.00297256,0.70317232,0.71099183
P2_intermedia,3,0.430447,L_hand_base_link,world,0.30359831,0.21433975,0.10330845,-0.00743216,-0.00411388,0.70143094,0.71268680
P2_intermedia,3,0.450591,L_hand_base_link,world,0.30359831,0.21433975,0.10330845,-0.00743216,-0.00411388,0.70143094,0.71268680
P2_intermedia,3,0.470476,L_hand_base_link,world,0.30359831,0.21433975,0.10330845,-0.00743216,-0.00411388,0.70143094,0.71268680
P2_intermedia,3,0.490320,L_hand_base_link,world,0.30942892,0.21640588,0.10650089,-0.00904607,-0.00525533,0.69949886,0.71455713
P2_intermedia,3,0.510468,L_hand_base_link,world,0.30942892,0.21640588,0.10650089,-0.00904607,-0.00525533,0.69949886,0.71455713
P2_intermedia,3,0.530470,L_hand_base_link,world,0.30942892,0.21640588,0.10650089,-0.00904607,-0.00525533,0.69949886,0.71455713
P2_intermedia,3,0.550604,L_hand_base_link,world,0.30942892,0.21640588,0.10650089,-0.00904607,-0.00525533,0.69949886,0.71455713
P2_intermedia,3,0.570370,L_hand_base_link,world,0.31603417,0.21896341,0.11017061,-0.01000061,-0.00631273,0.69750020,0.71648699
P2_intermedia,3,0.590515,L_hand_base_link,world,0.31603417,0.21896341,0.11017061,-0.01000061,-0.00631273,0.69750020,0.71648699
P2_intermedia,3,0.610659,L_hand_base_link,world,0.31603417,0.21896341,0.11017061,-0.01000061,-0.00631273,0.69750020,0.71648699
P2_intermedia,3,0.630325,L_hand_base_link,world,0.32334865,0.22211534,0.11430510,-0.00988895,-0.00722113,0.69560365,0.71832140
P2_intermedia,3,0.650659,L_hand_base_link,world,0.32334865,0.22211534,0.11430510,-0.00988895,-0.00722113,0.69560365,0.71832140
P2_intermedia,3,0.670456,L_hand_base_link,world,0.32334865,0.22211534,0.11430510,-0.00988895,-0.00722113,0.69560365,0.71832140
P2_intermedia,3,0.690432,L_hand_base_link,world,0.32334865,0.22211534,0.11430510,-0.00988895,-0.00722113,0.69560365,0.71832140
P2_intermedia,3,0.710565,L_hand_base_link,world,0.33125472,0.22597632,0.11886889,-0.00827496,-0.00793929,0.69404609,0.71983923
P2_intermedia,3,0.730415,L_hand_base_link,world,0.33125472,0.22597632,0.11886889,-0.00827496,-0.00793929,0.69404609,0.71983923
P2_intermedia,3,0.750492,L_hand_base_link,world,0.33125472,0.22597632,0.11886889,-0.00827496,-0.00793929,0.69404609,0.71983923
P2_intermedia,3,0.770395,L_hand_base_link,world,0.33860204,0.23007194,0.12321623,-0.00527732,-0.00841443,0.69318393,0.72069230
P2_intermedia,3,0.790483,L_hand_base_link,world,0.33860204,0.23007194,0.12321623,-0.00527732,-0.00841443,0.69318393,0.72069230
P2_intermedia,3,0.810486,L_hand_base_link,world,0.33860204,0.23007194,0.12321623,-0.00527732,-0.00841443,0.69318393,0.72069230
P2_intermedia,3,0.830444,L_hand_base_link,world,0.33860204,0.23007194,0.12321623,-0.00527732,-0.00841443,0.69318393,0.72069230
P2_intermedia,3,0.850352,L_hand_base_link,world,0.34489294,0.23403864,0.12703918,-0.00148730,-0.00871938,0.69299657,0.72088661
P2_intermedia,3,0.870589,L_hand_base_link,world,0.34489294,0.23403864,0.12703918,-0.00148730,-0.00871938,0.69299657,0.72088661
P2_intermedia,3,0.890417,L_hand_base_link,world,0.34489294,0.23403864,0.12703918,-0.00148730,-0.00871938,0.69299657,0.72088661
P2_intermedia,3,0.910326,L_hand_base_link,world,0.35020861,0.23777326,0.13035931,0.00264272,-0.00893628,0.69330590,0.72058316
P2_intermedia,3,0.930598,L_hand_base_link,world,0.35020861,0.23777326,0.13035931,0.00264272,-0.00893628,0.69330590,0.72058316
P2_intermedia,3,0.950496,L_hand_base_link,world,0.35020861,0.23777326,0.13035931,0.00264272,-0.00893628,0.69330590,0.72058316
P2_intermedia,3,0.970494,L_hand_base_link,world,0.35020861,0.23777326,0.13035931,0.00264272,-0.00893628,0.69330590,0.72058316
P2_intermedia,3,0.990439,L_hand_base_link,world,0.35461847,0.24117256,0.13318972,0.00674169,-0.00910893,0.69393342,0.71994998
P2_intermedia,3,1.010467,L_hand_base_link,world,0.35461847,0.24117256,0.13318972,0.00674169,-0.00910893,0.69393342,0.71994998
P2_intermedia,3,1.030602,L_hand_base_link,world,0.35461847,0.24117256,0.13318972,0.00674169,-0.00910893,0.69393342,0.71994998
P2_intermedia,3,1.050324,L_hand_base_link,world,0.35817497,0.24413454,0.13553203,0.01050736,-0.00925579,0.69471170,0.71915199
P2_intermedia,3,1.070497,L_hand_base_link,world,0.35817497,0.24413454,0.13553203,0.01050736,-0.00925579,0.69471170,0.71915199
P2_intermedia,3,1.090465,L_hand_base_link,world,0.35817497,0.24413454,0.13553203,0.01050736,-0.00925579,0.69471170,0.71915199
P2_intermedia,3,1.110423,L_hand_base_link,world,0.35817497,0.24413454,0.13553203,0.01050736,-0.00925579,0.69471170,0.71915199
P2_intermedia,3,1.130539,L_hand_base_link,world,0.36092643,0.24657302,0.13738628,0.01371026,-0.00938062,0.69549495,0.71833892
P2_intermedia,3,1.150449,L_hand_base_link,world,0.36092643,0.24657302,0.13738628,0.01371026,-0.00938062,0.69549495,0.71833892
P2_intermedia,3,1.170465,L_hand_base_link,world,0.36092643,0.24657302,0.13738628,0.01371026,-0.00938062,0.69549495,0.71833892
P2_intermedia,3,1.190908,L_hand_base_link,world,0.36290601,0.24841218,0.13874581,0.01617436,-0.00947935,0.69616263,0.71763927
P2_intermedia,3,1.210435,L_hand_base_link,world,0.36290601,0.24841218,0.13874581,0.01617436,-0.00947935,0.69616263,0.71763927
P2_intermedia,3,1.230511,L_hand_base_link,world,0.36290601,0.24841218,0.13874581,0.01617436,-0.00947935,0.69616263,0.71763927
P2_intermedia,3,1.250593,L_hand_base_link,world,0.36290601,0.24841218,0.13874581,0.01617436,-0.00947935,0.69616263,0.71763927
P2_intermedia,3,1.270432,L_hand_base_link,world,0.36414288,0.24959910,0.13960699,0.01778288,-0.00954572,0.69662611,0.71715041
P2_intermedia,3,1.290498,L_hand_base_link,world,0.36414288,0.24959910,0.13960699,0.01778288,-0.00954572,0.69662611,0.71715041
P2_intermedia,3,1.310456,L_hand_base_link,world,0.36414288,0.24959910,0.13960699,0.01778288,-0.00954572,0.69662611,0.71715041
P2_intermedia,3,1.330334,L_hand_base_link,world,0.36465162,0.25009600,0.13996398,0.01846005,-0.00957420,0.69682738,0.71693735
P2_intermedia,3,1.350578,L_hand_base_link,world,0.36465162,0.25009600,0.13996398,0.01846005,-0.00957420,0.69682738,0.71693735
P2_intermedia,3,1.370419,L_hand_base_link,world,0.36465162,0.25009600,0.13996398,0.01846005,-0.00957420,0.69682738,0.71693735
P3_borde,1,0.015214,L_hand_base_link,world,0.28799579,0.20948717,0.09495332,0.00002763,0.00003828,0.70705109,0.70716246
P3_borde,1,0.035328,L_hand_base_link,world,0.28799579,0.20948717,0.09495332,0.00002763,0.00003828,0.70705109,0.70716246
P3_borde,1,0.055063,L_hand_base_link,world,0.28804853,0.20953534,0.09499358,0.00000125,-0.00006520,0.70707598,0.70713757
P3_borde,1,0.075225,L_hand_base_link,world,0.28804853,0.20953534,0.09499358,0.00000125,-0.00006520,0.70707598,0.70713757
P3_borde,1,0.095217,L_hand_base_link,world,0.28804853,0.20953534,0.09499358,0.00000125,-0.00006520,0.70707598,0.70713757
P3_borde,1,0.115349,L_hand_base_link,world,0.28804853,0.20953534,0.09499358,0.00000125,-0.00006520,0.70707598,0.70713757
P3_borde,1,0.135412,L_hand_base_link,world,0.28888354,0.21030026,0.09563318,-0.00041462,-0.00170603,0.70747057,0.70674063
P3_borde,1,0.155224,L_hand_base_link,world,0.28888354,0.21030026,0.09563318,-0.00041462,-0.00170603,0.70747057,0.70674063
P3_borde,1,0.175210,L_hand_base_link,world,0.28888354,0.21030026,0.09563318,-0.00041462,-0.00170603,0.70747057,0.70674063
P3_borde,1,0.195260,L_hand_base_link,world,0.29054283,0.21183279,0.09691630,-0.00123060,-0.00497888,0.70825718,0.70593588
P3_borde,1,0.215245,L_hand_base_link,world,0.29054283,0.21183279,0.09691630,-0.00123060,-0.00497888,0.70825718,0.70593588
P3_borde,1,0.235316,L_hand_base_link,world,0.29054283,0.21183279,0.09691630,-0.00123060,-0.00497888,0.70825718,0.70593588
P3_borde,1,0.255223,L_hand_base_link,world,0.29054283,0.21183279,0.09691630,-0.00123060,-0.00497888,0.70825718,0.70593588
P3_borde,1,0.275200,L_hand_base_link,world,0.29301832,0.21415098,0.09886103,-0.00242133,-0.00989214,0.70943742,0.70469485
P3_borde,1,0.295242,L_hand_base_link,world,0.29301832,0.21415098,0.09886103,-0.00242133,-0.00989214,0.70943742,0.70469485
P3_borde,1,0.315180,L_hand_base_link,world,0.29301832,0.21415098,0.09886103,-0.00242133,-0.00989214,0.70943742,0.70469485
P3_borde,1,0.335082,L_hand_base_link,world,0.29625879,0.21724548,0.10146317,-0.00392924,-0.01637927,0.71099588,0.70299441
P3_borde,1,0.355353,L_hand_base_link,world,0.29625879,0.21724548,0.10146317,-0.00392924,-0.01637927,0.71099588,0.70299441
P3_borde,1,0.375214,L_hand_base_link,world,0.29625879,0.21724548,0.10146317,-0.00392924,-0.01637927,0.71099588,0.70299441
P3_borde,1,0.395215,L_hand_base_link,world,0.29625879,0.21724548,0.10146317,-0.00392924,-0.01637927,0.71099588,0.70299441
P3_borde,1,0.415171,L_hand_base_link,world,0.30019283,0.22109885,0.10471110,-0.00567683,-0.02434008,0.71291151,0.70080847
P3_borde,1,0.435259,L_hand_base_link,world,0.30019283,0.22109885,0.10471110,-0.00567683,-0.02434008,0.71291151,0.70080847
P3_borde,1,0.455349,L_hand_base_link,world,0.30019283,0.22109885,0.10471110,-0.00567683,-0.02434008,0.71291151,0.70080847
P3_borde,1,0.475107,L_hand_base_link,world,0.30473446,0.22568854,0.10858683,-0.00757052,-0.03364690,0.71516082,0.69810857
P3_borde,1,0.495223,L_hand_base_link,world,0.30473446,0.22568854,0.10858683,-0.00757052,-0.03364690,0.71516082,0.69810857
P3_borde,1,0.515339,L_hand_base_link,world,0.30473446,0.22568854,0.10858683,-0.00757052,-0.03364690,0.71516082,0.69810857
P3_borde,1,0.535274,L_hand_base_link,world,0.30473446,0.22568854,0.10858683,-0.00757052,-0.03364690,0.71516082,0.69810857
P3_borde,1,0.555261,L_hand_base_link,world,0.30978876,0.23098987,0.11306687,-0.00950416,-0.04415008,0.71772116,0.69486458
P3_borde,1,0.575232,L_hand_base_link,world,0.30978876,0.23098987,0.11306687,-0.00950416,-0.04415008,0.71772116,0.69486458
P3_borde,1,0.595247,L_hand_base_link,world,0.30978876,0.23098987,0.11306687,-0.00950416,-0.04415008,0.71772116,0.69486458
P3_borde,1,0.615711,L_hand_base_link,world,0.31523713,0.23695664,0.11810420,-0.01135567,-0.05563971,0.72056329,0.69105992
P3_borde,1,0.635163,L_hand_base_link,world,0.31523713,0.23695664,0.11810420,-0.01135567,-0.05563971,0.72056329,0.69105992
P3_borde,1,0.655285,L_hand_base_link,world,0.31523713,0.23695664,0.11810420,-0.01135567,-0.05563971,0.72056329,0.69105992
P3_borde,1,0.675352,L_hand_base_link,world,0.31523713,0.23695664,0.11810420,-0.01135567,-0.05563971,0.72056329,0.69105992
P3_borde,1,0.695101,L_hand_base_link,world,0.32096597,0.24354660,0.12364821,-0.01300057,-0.06789658,0.72366540,0.68668001
P3_borde,1,0.715243,L_hand_base_link,world,0.32096597,0.24354660,0.12364821,-0.01300057,-0.06789658,0.72366540,0.68668001
P3_borde,1,0.735235,L_hand_base_link,world,0.32096597,0.24354660,0.12364821,-0.01300057,-0.06789658,0.72366540,0.68668001
P3_borde,1,0.755105,L_hand_base_link,world,0.32684509,0.25069201,0.12961876,-0.01430836,-0.08063704,0.72700040,0.68173555
P3_borde,1,0.775213,L_hand_base_link,world,0.32684509,0.25069201,0.12961876,-0.01430836,-0.08063704,0.72700040,0.68173555
P3_borde,1,0.795211,L_hand_base_link,world,0.32684509,0.25069201,0.12961876,-0.01430836,-0.08063704,0.72700040,0.68173555
P3_borde,1,0.815207,L_hand_base_link,world,0.32684509,0.25069201,0.12961876,-0.01430836,-0.08063704,0.72700040,0.68173555
P3_borde,1,0.835198,L_hand_base_link,world,0.33275289,0.25832121,0.13592383,-0.01515467,-0.09355613,0.73054680,0.67625362
P3_borde,1,0.855168,L_hand_base_link,world,0.33275289,0.25832121,0.13592383,-0.01515467,-0.09355613,0.73054680,0.67625362
P3_borde,1,0.875226,L_hand_base_link,world,0.33275289,0.25832121,0.13592383,-0.01515467,-0.09355613,0.73054680,0.67625362
P3_borde,1,0.895114,L_hand_base_link,world,0.33856874,0.26634219,0.14244601,-0.01542447,-0.10630063,0.73428068,0.67029407
P3_borde,1,0.915293,L_hand_base_link,world,0.33856874,0.26634219,0.14244601,-0.01542447,-0.10630063,0.73428068,0.67029407
P3_borde,1,0.935338,L_hand_base_link,world,0.33856874,0.26634219,0.14244601,-0.01542447,-0.10630063,0.73428068,0.67029407
P3_borde,1,0.955180,L_hand_base_link,world,0.33856874,0.26634219,0.14244601,-0.01542447,-0.10630063,0.73428068,0.67029407
P3_borde,1,0.975182,L_hand_base_link,world,0.34417351,0.27463109,0.14903519,-0.01502197,-0.11845958,0.73816872,0.66396432
P3_borde,1,0.995358,L_hand_base_link,world,0.34417351,0.27463109,0.14903519,-0.01502197,-0.11845958,0.73816872,0.66396432
P3_borde,1,1.015185,L_hand_base_link,world,0.34417351,0.27463109,0.14903519,-0.01502197,-0.11845958,0.73816872,0.66396432
P3_borde,1,1.035107,L_hand_base_link,world,0.34947280,0.28305355,0.15552918,-0.01388029,-0.12960624,0.74217474,0.65740871
P3_borde,1,1.055227,L_hand_base_link,world,0.34947280,0.28305355,0.15552918,-0.01388029,-0.12960624,0.74217474,0.65740871
P3_borde,1,1.075201,L_hand_base_link,world,0.34947280,0.28305355,0.15552918,-0.01388029,-0.12960624,0.74217474,0.65740871
P3_borde,1,1.095351,L_hand_base_link,world,0.34947280,0.28305355,0.15552918,-0.01388029,-0.12960624,0.74217474,0.65740871
P3_borde,1,1.115163,L_hand_base_link,world,0.35438781,0.29144004,0.16173926,-0.01197131,-0.13927179,0.74624291,0.65083145
P3_borde,1,1.135312,L_hand_base_link,world,0.35438781,0.29144004,0.16173926,-0.01197131,-0.13927179,0.74624291,0.65083145
P3_borde,1,1.155213,L_hand_base_link,world,0.35438781,0.29144004,0.16173926,-0.01197131,-0.13927179,0.74624291,0.65083145
P3_borde,1,1.175127,L_hand_base_link,world,0.35886675,0.29959007,0.16746145,-0.00931626,-0.14696815,0.75029200,0.64449630
P3_borde,1,1.195213,L_hand_base_link,world,0.35886675,0.29959007,0.16746145,-0.00931626,-0.14696815,0.75029200,0.64449630
P3_borde,1,1.215221,L_hand_base_link,world,0.35886675,0.29959007,0.16746145,-0.00931626,-0.14696815,0.75029200,0.64449630
P3_borde,1,1.235218,L_hand_base_link,world,0.35886675,0.29959007,0.16746145,-0.00931626,-0.14696815,0.75029200,0.64449630
P3_borde,1,1.255247,L_hand_base_link,world,0.36288879,0.30726686,0.17248287,-0.00599608,-0.15219978,0.75420281,0.63873109
P3_borde,1,1.275175,L_hand_base_link,world,0.36288879,0.30726686,0.17248287,-0.00599608,-0.15219978,0.75420281,0.63873109
P3_borde,1,1.295294,L_hand_base_link,world,0.36288879,0.30726686,0.17248287,-0.00599608,-0.15219978,0.75420281,0.63873109
P3_borde,1,1.315731,L_hand_base_link,world,0.36647203,0.31420202,0.17659676,-0.00215534,-0.15448301,0.75780825,0.63392193
P3_borde,1,1.335236,L_hand_base_link,world,0.36647203,0.31420202,0.17659676,-0.00215534,-0.15448301,0.75780825,0.63392193
P3_borde,1,1.355261,L_hand_base_link,world,0.36647203,0.31420202,0.17659676,-0.00215534,-0.15448301,0.75780825,0.63392193
P3_borde,1,1.375181,L_hand_base_link,world,0.36647203,0.31420202,0.17659676,-0.00215534,-0.15448301,0.75780825,0.63392193
P3_borde,1,1.395233,L_hand_base_link,world,0.36968412,0.32010453,0.17961742,0.00200792,-0.15333382,0.76088314,0.63050897
P3_borde,1,1.415347,L_hand_base_link,world,0.36968412,0.32010453,0.17961742,0.00200792,-0.15333382,0.76088314,0.63050897
P3_borde,1,1.435170,L_hand_base_link,world,0.36968412,0.32010453,0.17961742,0.00200792,-0.15333382,0.76088314,0.63050897
P3_borde,1,1.455088,L_hand_base_link,world,0.37240664,0.32431476,0.18127294,0.00589873,-0.14875901,0.76296085,0.62906813
P3_borde,1,1.475353,L_hand_base_link,world,0.37240664,0.32431476,0.18127294,0.00589873,-0.14875901,0.76296085,0.62906813
P3_borde,1,1.495157,L_hand_base_link,world,0.37240664,0.32431476,0.18127294,0.00589873,-0.14875901,0.76296085,0.62906813
P3_borde,1,1.515197,L_hand_base_link,world,0.37240664,0.32431476,0.18127294,0.00589873,-0.14875901,0.76296085,0.62906813
P3_borde,1,1.535210,L_hand_base_link,world,0.37473396,0.32674925,0.18170695,0.00916854,-0.14139511,0.76387246,0.62962070
P3_borde,1,1.555186,L_hand_base_link,world,0.37473396,0.32674925,0.18170695,0.00916854,-0.14139511,0.76387246,0.62962070
P3_borde,1,1.575342,L_hand_base_link,world,0.37473396,0.32674925,0.18170695,0.00916854,-0.14139511,0.76387246,0.62962070
P3_borde,1,1.595109,L_hand_base_link,world,0.37679181,0.32754677,0.18117721,0.01165941,-0.13194031,0.76359137,0.63196838
P3_borde,1,1.615270,L_hand_base_link,world,0.37679181,0.32754677,0.18117721,0.01165941,-0.13194031,0.76359137,0.63196838
P3_borde,1,1.635223,L_hand_base_link,world,0.37679181,0.32754677,0.18117721,0.01165941,-0.13194031,0.76359137,0.63196838
P3_borde,1,1.655194,L_hand_base_link,world,0.37679181,0.32754677,0.18117721,0.01165941,-0.13194031,0.76359137,0.63196838
P3_borde,1,1.675163,L_hand_base_link,world,0.37867583,0.32690089,0.17993614,0.01331940,-0.12100331,0.76215077,0.63585139
P3_borde,1,1.695255,L_hand_base_link,world,0.37867583,0.32690089,0.17993614,0.01331940,-0.12100331,0.76215077,0.63585139
P3_borde,1,1.715264,L_hand_base_link,world,0.37867583,0.32690089,0.17993614,0.01331940,-0.12100331,0.76215077,0.63585139
P3_borde,1,1.735401,L_hand_base_link,world,0.38044274,0.32501889,0.17820737,0.01415773,-0.10911997,0.75962520,0.64098514
P3_borde,1,1.755186,L_hand_base_link,world,0.38044274,0.32501889,0.17820737,0.01415773,-0.10911997,0.75962520,0.64098514
P3_borde,1,1.775238,L_hand_base_link,world,0.38044274,0.32501889,0.17820737,0.01415773,-0.10911997,0.75962520,0.64098514
P3_borde,1,1.795354,L_hand_base_link,world,0.38044274,0.32501889,0.17820737,0.01415773,-0.10911997,0.75962520,0.64098514
P3_borde,1,1.815217,L_hand_base_link,world,0.38212126,0.32211537,0.17618137,0.01423008,-0.09674926,0.75612620,0.64707824
P3_borde,1,1.835276,L_hand_base_link,world,0.38212126,0.32211537,0.17618137,0.01423008,-0.09674926,0.75612620,0.64707824
P3_borde,1,1.855210,L_hand_base_link,world,0.38212126,0.32211537,0.17618137,0.01423008,-0.09674926,0.75612620,0.64707824
P3_borde,1,1.875082,L_hand_base_link,world,0.38372009,0.31840813,0.17401538,0.01362519,-0.08428295,0.75179857,0.65384222
P3_borde,1,1.895351,L_hand_base_link,world,0.38372009,0.31840813,0.17401538,0.01362519,-0.08428295,0.75179857,0.65384222
P3_borde,1,1.915219,L_hand_base_link,world,0.38372009,0.31840813,0.17401538,0.01362519,-0.08428295,0.75179857,0.65384222
P3_borde,1,1.935246,L_hand_base_link,world,0.38372009,0.31840813,0.17401538,0.01362519,-0.08428295,0.75179857,0.65384222
P3_borde,1,1.955420,L_hand_base_link,world,0.38523613,0.31411146,0.17183318,0.01245375,-0.07204270,0.74681143,0.66100487
P3_borde,1,1.975268,L_hand_base_link,world,0.38523613,0.31411146,0.17183318,0.01245375,-0.07204270,0.74681143,0.66100487
P3_borde,1,1.995230,L_hand_base_link,world,0.38523613,0.31411146,0.17183318,0.01245375,-0.07204270,0.74681143,0.66100487
P3_borde,1,2.015089,L_hand_base_link,world,0.38666016,0.30943032,0.16972727,0.01083798,-0.06028552,0.74134938,0.66831826
P3_borde,1,2.035242,L_hand_base_link,world,0.38666016,0.30943032,0.16972727,0.01083798,-0.06028552,0.74134938,0.66831826
P3_borde,1,2.055367,L_hand_base_link,world,0.38666016,0.30943032,0.16972727,0.01083798,-0.06028552,0.74134938,0.66831826
P3_borde,1,2.075174,L_hand_base_link,world,0.38666016,0.30943032,0.16972727,0.01083798,-0.06028552,0.74134938,0.66831826
P3_borde,1,2.095179,L_hand_base_link,world,0.38798056,0.30455713,0.16776300,0.00890388,-0.04921359,0.73560536,0.67556161
P3_borde,1,2.115227,L_hand_base_link,world,0.38798056,0.30455713,0.16776300,0.00890388,-0.04921359,0.73560536,0.67556161
P3_borde,1,2.135228,L_hand_base_link,world,0.38798056,0.30455713,0.16776300,0.00890388,-0.04921359,0.73560536,0.67556161
P3_borde,1,2.155481,L_hand_base_link,world,0.38918549,0.29967115,0.16598362,0.00677627,-0.03898666,0.72977630,0.68253987
P3_borde,1,2.175221,L_hand_base_link,world,0.38918549,0.29967115,0.16598362,0.00677627,-0.03898666,0.72977630,0.68253987
P3_borde,1,2.195185,L_hand_base_link,world,0.38918549,0.29967115,0.16598362,0.00677627,-0.03898666,0.72977630,0.68253987
P3_borde,1,2.215438,L_hand_base_link,world,0.38918549,0.29967115,0.16598362,0.00677627,-0.03898666,0.72977630,0.68253987
P3_borde,1,2.235130,L_hand_base_link,world,0.39026472,0.29493638,0.16441436,0.00457464,-0.02972803,0.72405667,0.68908436
P3_borde,1,2.255243,L_hand_base_link,world,0.39026472,0.29493638,0.16441436,0.00457464,-0.02972803,0.72405667,0.68908436
P3_borde,1,2.275366,L_hand_base_link,world,0.39026472,0.29493638,0.16441436,0.00457464,-0.02972803,0.72405667,0.68908436
P3_borde,1,2.295082,L_hand_base_link,world,0.39121204,0.29049268,0.16306427,0.00240625,-0.02151749,0.71862379,0.69506191
P3_borde,1,2.315254,L_hand_base_link,world,0.39121204,0.29049268,0.16306427,0.00240625,-0.02151749,0.71862379,0.69506191
P3_borde,1,2.335251,L_hand_base_link,world,0.39121204,0.29049268,0.16306427,0.00240625,-0.02151749,0.71862379,0.69506191
P3_borde,1,2.355154,L_hand_base_link,world,0.39121204,0.29049268,0.16306427,0.00240625,-0.02151749,0.71862379,0.69506191
P3_borde,1,2.375180,L_hand_base_link,world,0.39202157,0.28647233,0.16193574,0.00037226,-0.01443032,0.71365412,0.70034950
P3_borde,1,2.395132,L_hand_base_link,world,0.39202157,0.28647233,0.16193574,0.00037226,-0.01443032,0.71365412,0.70034950
P3_borde,1,2.415252,L_hand_base_link,world,0.39202157,0.28647233,0.16193574,0.00037226,-0.01443032,0.71365412,0.70034950
P3_borde,1,2.435426,L_hand_base_link,world,0.39269241,0.28297657,0.16102093,-0.00144513,-0.00850018,0.70929100,0.70486306
P3_borde,1,2.455137,L_hand_base_link,world,0.39269241,0.28297657,0.16102093,-0.00144513,-0.00850018,0.70929100,0.70486306
P3_borde,1,2.475252,L_hand_base_link,world,0.39269241,0.28297657,0.16102093,-0.00144513,-0.00850018,0.70929100,0.70486306
P3_borde,1,2.495208,L_hand_base_link,world,0.39269241,0.28297657,0.16102093,-0.00144513,-0.00850018,0.70929100,0.70486306
P3_borde,1,2.515109,L_hand_base_link,world,0.39322427,0.28009316,0.16031025,-0.00297492,-0.00375621,0.70566296,0.70853146
P3_borde,1,2.535374,L_hand_base_link,world,0.39322427,0.28009316,0.16031025,-0.00297492,-0.00375621,0.70566296,0.70853146
P3_borde,1,2.555178,L_hand_base_link,world,0.39322427,0.28009316,0.16031025,-0.00297492,-0.00375621,0.70566296,0.70853146
P3_borde,1,2.575131,L_hand_base_link,world,0.39361805,0.27789125,0.15979307,-0.00416040,-0.00021673,0.70287471,0.71130148
P3_borde,1,2.595412,L_hand_base_link,world,0.39361805,0.27789125,0.15979307,-0.00416040,-0.00021673,0.70287471,0.71130148
P3_borde,1,2.615204,L_hand_base_link,world,0.39361805,0.27789125,0.15979307,-0.00416040,-0.00021673,0.70287471,0.71130148
P3_borde,1,2.635235,L_hand_base_link,world,0.39361805,0.27789125,0.15979307,-0.00416040,-0.00021673,0.70287471,0.71130148
P3_borde,1,2.655208,L_hand_base_link,world,0.39387492,0.27642289,0.15946009,-0.00495880,0.00210563,0.70100684,0.71313420
P3_borde,1,2.675199,L_hand_base_link,world,0.39387492,0.27642289,0.15946009,-0.00495880,0.00210563,0.70100684,0.71313420
P3_borde,1,2.695420,L_hand_base_link,world,0.39387492,0.27642289,0.15946009,-0.00495880,0.00210563,0.70100684,0.71313420
P3_borde,1,2.715092,L_hand_base_link,world,0.39399631,0.27571986,0.15930397,-0.00534320,0.00320714,0.70011015,0.71400767
P3_borde,1,2.735243,L_hand_base_link,world,0.39399631,0.27571986,0.15930397,-0.00534320,0.00320714,0.70011015,0.71400767
P3_borde,1,2.755305,L_hand_base_link,world,0.39399631,0.27571986,0.15930397,-0.00534320,0.00320714,0.70011015,0.71400767
P3_borde,1,2.775239,L_hand_base_link,world,0.39399631,0.27571986,0.15930397,-0.00534320,0.00320714,0.70011015,0.71400767
P3_borde,2,0.003426,L_hand_base_link,world,0.28803141,0.20947362,0.09498843,0.00000083,0.00000018,0.70708488,0.70712868
P3_borde,2,0.023399,L_hand_base_link,world,0.28803141,0.20947362,0.09498843,0.00000083,0.00000018,0.70708488,0.70712868
P3_borde,2,0.043425,L_hand_base_link,world,0.28803141,0.20947362,0.09498843,0.00000083,0.00000018,0.70708488,0.70712868
P3_borde,2,0.063426,L_hand_base_link,world,0.28803141,0.20947362,0.09498843,0.00000083,0.00000018,0.70708488,0.70712868
P3_borde,2,0.083320,L_hand_base_link,world,0.28834383,0.20928522,0.09520683,-0.00058454,-0.00025849,0.70674102,0.70747207
P3_borde,2,0.103471,L_hand_base_link,world,0.28834383,0.20928522,0.09520683,-0.00058454,-0.00025849,0.70674102,0.70747207
P3_borde,2,0.123481,L_hand_base_link,world,0.28834383,0.20928522,0.09520683,-0.00058454,-0.00025849,0.70674102,0.70747207
P3_borde,2,0.143500,L_hand_base_link,world,0.28834383,0.20928522,0.09520683,-0.00058454,-0.00025849,0.70674102,0.70747207
P3_borde,2,0.163551,L_hand_base_link,world,0.28958962,0.20852973,0.09608058,-0.00292110,-0.00128146,0.70535696,0.70884510
P3_borde,2,0.183399,L_hand_base_link,world,0.28958962,0.20852973,0.09608058,-0.00292110,-0.00128146,0.70535696,0.70884510
P3_borde,2,0.203476,L_hand_base_link,world,0.28958962,0.20852973,0.09608058,-0.00292110,-0.00128146,0.70535696,0.70884510
P3_borde,2,0.223964,L_hand_base_link,world,0.29168106,0.20724616,0.09755767,-0.00685149,-0.00296735,0.70298643,0.71116407
P3_borde,2,0.243441,L_hand_base_link,world,0.29168106,0.20724616,0.09755767,-0.00685149,-0.00296735,0.70298643,0.71116407
P3_borde,2,0.263499,L_hand_base_link,world,0.29168106,0.20724616,0.09755767,-0.00685149,-0.00296735,0.70298643,0.71116407
P3_borde,2,0.283438,L_hand_base_link,world,0.29168106,0.20724616,0.09755767,-0.00685149,-0.00296735,0.70298643,0.71116407
P3_borde,2,0.303412,L_hand_base_link,world,0.29458483,0.20543259,0.09962923,-0.01232149,-0.00523876,0.69959563,0.71441353
P3_borde,2,0.323591,L_hand_base_link,world,0.29458483,0.20543259,0.09962923,-0.01232149,-0.00523876,0.69959563,0.71441353
P3_borde,2,0.343418,L_hand_base_link,world,0.29458483,0.20543259,0.09962923,-0.01232149,-0.00523876,0.69959563,0.71441353
P3_borde,2,0.363312,L_hand_base_link,world,0.29822631,0.20310758,0.10225963,-0.01919411,-0.00796382,0.69517567,0.71853946
P3_borde,2,0.383586,L_hand_base_link,world,0.29822631,0.20310758,0.10225963,-0.01919411,-0.00796382,0.69517567,0.71853946
P3_borde,2,0.403391,L_hand_base_link,world,0.29822631,0.20310758,0.10225963,-0.01919411,-0.00796382,0.69517567,0.71853946
P3_borde,2,0.423469,L_hand_base_link,world,0.29822631,0.20310758,0.10225963,-0.01919411,-0.00796382,0.69517567,0.71853946
P3_borde,2,0.443430,L_hand_base_link,world,0.30250967,0.20030323,0.10539655,-0.02727824,-0.01097443,0.68973099,0.72346846
P3_borde,2,0.463506,L_hand_base_link,world,0.30250967,0.20030323,0.10539655,-0.02727824,-0.01097443,0.68973099,0.72346846
P3_borde,2,0.483573,L_hand_base_link,world,0.30250967,0.20030323,0.10539655,-0.02727824,-0.01097443,0.68973099,0.72346846
P3_borde,2,0.503317,L_hand_base_link,world,0.30733150,0.19706318,0.10897605,-0.03634308,-0.01407840,0.68327597,0.72911928
P3_borde,2,0.523481,L_hand_base_link,world,0.30733150,0.19706318,0.10897605,-0.03634308,-0.01407840,0.68327597,0.72911928
P3_borde,2,0.543459,L_hand_base_link,world,0.30733150,0.19706318,0.10897605,-0.03634308,-0.01407840,0.68327597,0.72911928
P3_borde,2,0.563399,L_hand_base_link,world,0.30733150,0.19706318,0.10897605,-0.03634308,-0.01407840,0.68327597,0.72911928
P3_borde,2,0.583455,L_hand_base_link,world,0.31257349,0.19345544,0.11291198,-0.04609139,-0.01705811,0.67586118,0.73538852
P3_borde,2,0.603436,L_hand_base_link,world,0.31257349,0.19345544,0.11291198,-0.04609139,-0.01705811,0.67586118,0.73538852
P3_borde,2,0.623447,L_hand_base_link,world,0.31257349,0.19345544,0.11291198,-0.04609139,-0.01705811,0.67586118,0.73538852
P3_borde,2,0.643649,L_hand_base_link,world,0.31811648,0.18957264,0.11710092,-0.05617244,-0.01968588,0.66757564,0.74215894
P3_borde,2,0.663360,L_hand_base_link,world,0.31811648,0.18957264,0.11710092,-0.05617244,-0.01968588,0.66757564,0.74215894
P3_borde,2,0.683506,L_hand_base_link,world,0.31811648,0.18957264,0.11710092,-0.05617244,-0.01968588,0.66757564,0.74215894
P3_borde,2,0.703576,L_hand_base_link,world,0.31811648,0.18957264,0.11710092,-0.05617244,-0.01968588,0.66757564,0.74215894
P3_borde,2,0.723364,L_hand_base_link,world,0.32385276,0.18553371,0.12142687,-0.06619087,-0.02173707,0.65855076,0.74930446
P3_borde,2,0.743472,L_hand_base_link,world,0.32385276,0.18553371,0.12142687,-0.06619087,-0.02173707,0.65855076,0.74930446
P3_borde,2,0.763440,L_hand_base_link,world,0.32385276,0.18553371,0.12142687,-0.06619087,-0.02173707,0.65855076,0.74930446
P3_borde,2,0.783337,L_hand_base_link,world,0.32967847,0.18150037,0.12575200,-0.07568165,-0.02299752,0.64899710,0.75666781
P3_borde,2,0.803590,L_hand_base_link,world,0.32967847,0.18150037,0.12575200,-0.07568165,-0.02299752,0.64899710,0.75666781
P3_borde,2,0.823433,L_hand_base_link,world,0.32967847,0.18150037,0.12575200,-0.07568165,-0.02299752,0.64899710,0.75666781
P3_borde,2,0.843509,L_hand_base_link,world,0.32967847,0.18150037,0.12575200,-0.07568165,-0.02299752,0.64899710,0.75666781
P3_borde,2,0.863564,L_hand_base_link,world,0.33551048,0.17767617,0.12992846,-0.08413485,-0.02328615,0.63920458,0.76406583
P3_borde,2,0.883384,L_hand_base_link,world,0.33551048,0.17767617,0.12992846,-0.08413485,-0.02328615,0.63920458,0.76406583
P3_borde,2,0.903429,L_hand_base_link,world,0.33551048,0.17767617,0.12992846,-0.08413485,-0.02328615,0.63920458,0.76406583
P3_borde,2,0.923365,L_hand_base_link,world,0.34129611,0.17430982,0.13380779,-0.09101114,-0.02247319,0.62954936,0.77128434
P3_borde,2,0.943499,L_hand_base_link,world,0.34129611,0.17430982,0.13380779,-0.09101114,-0.02247319,0.62954936,0.77128434
P3_borde,2,0.963549,L_hand_base_link,world,0.34129611,0.17430982,0.13380779,-0.09101114,-0.02247319,0.62954936,0.77128434
P3_borde,2,0.983429,L_hand_base_link,world,0.34129611,0.17430982,0.13380779,-0.09101114,-0.02247319,0.62954936,0.77128434
P3_borde,2,1.003409,L_hand_base_link,world,0.34701554,0.17170213,0.13724920,-0.09575375,-0.02049867,0.62050791,0.77806231
P3_borde,2,1.023450,L_hand_base_link,world,0.34701554,0.17170213,0.13724920,-0.09575375,-0.02049867,0.62050791,0.77806231
P3_borde,2,1.043431,L_hand_base_link,world,0.34701554,0.17170213,0.13724920,-0.09575375,-0.02049867,0.62050791,0.77806231
P3_borde,2,1.063316,L_hand_base_link,world,0.35268496,0.17020954,0.14013389,-0.09781359,-0.01739259,0.61266174,0.78407626
P3_borde,2,1.083467,L_hand_base_link,world,0.35268496,0.17020954,0.14013389,-0.09781359,-0.01739259,0.61266174,0.78407626
P3_borde,2,1.103419,L_hand_base_link,world,0.35268496,0.17020954,0.14013389,-0.09781359,-0.01739259,0.61266174,0.78407626
P3_borde,2,1.123556,L_hand_base_link,world,0.35268496,0.17020954,0.14013389,-0.09781359,-0.01739259,0.61266174,0.78407626
P3_borde,2,1.143390,L_hand_base_link,world,0.35835299,0.17024513,0.14238228,-0.09668459,-0.01329629,0.60669698,0.78891956
P3_borde,2,1.163444,L_hand_base_link,world,0.35835299,0.17024513,0.14238228,-0.09668459,-0.01329629,0.60669698,0.78891956
P3_borde,2,1.183573,L_hand_base_link,world,0.35835299,0.17024513,0.14238228,-0.09668459,-0.01329629,0.60669698,0.78891956
P3_borde,2,1.203315,L_hand_base_link,world,0.36399700,0.17221750,0.14395618,-0.09206756,-0.00856395,0.60341178,0.79205078
P3_borde,2,1.223438,L_hand_base_link,world,0.36399700,0.17221750,0.14395618,-0.09206756,-0.00856395,0.60341178,0.79205078
P3_borde,2,1.243458,L_hand_base_link,world,0.36399700,0.17221750,0.14395618,-0.09206756,-0.00856395,0.60341178,0.79205078
P3_borde,2,1.263503,L_hand_base_link,world,0.36399700,0.17221750,0.14395618,-0.09206756,-0.00856395,0.60341178,0.79205078
P3_borde,2,1.283565,L_hand_base_link,world,0.36922258,0.17603953,0.14488914,-0.08470702,-0.00400784,0.60328491,0.79300440
P3_borde,2,1.303429,L_hand_base_link,world,0.36922258,0.17603953,0.14488914,-0.08470702,-0.00400784,0.60328491,0.79300440
P3_borde,2,1.323483,L_hand_base_link,world,0.36922258,0.17603953,0.14488914,-0.08470702,-0.00400784,0.60328491,0.79300440
P3_borde,2,1.343322,L_hand_base_link,world,0.37405286,0.18139979,0.14543213,-0.07551378,-0.00000559,0.60592581,0.79192902
P3_borde,2,1.363466,L_hand_base_link,world,0.37405286,0.18139979,0.14543213,-0.07551378,-0.00000559,0.60592581,0.79192902
P3_borde,2,1.383457,L_hand_base_link,world,0.37405286,0.18139979,0.14543213,-0.07551378,-0.00000559,0.60592581,0.79192902
P3_borde,2,1.403429,L_hand_base_link,world,0.37405286,0.18139979,0.14543213,-0.07551378,-0.00000559,0.60592581,0.79192902
P3_borde,2,1.423376,L_hand_base_link,world,0.37856799,0.18803148,0.14580527,-0.06515432,0.00329217,0.61086439,0.78904295
P3_borde,2,1.443653,L_hand_base_link,world,0.37856799,0.18803148,0.14580527,-0.06515432,0.00329217,0.61086439,0.78904295
P3_borde,2,1.463400,L_hand_base_link,world,0.37856799,0.18803148,0.14580527,-0.06515432,0.00329217,0.61086439,0.78904295
P3_borde,2,1.483323,L_hand_base_link,world,0.38268680,0.19545546,0.14615772,-0.05447428,0.00576000,0.61744436,0.78470494
P3_borde,2,1.503596,L_hand_base_link,world,0.38268680,0.19545546,0.14615772,-0.05447428,0.00576000,0.61744436,0.78470494
P3_borde,2,1.523482,L_hand_base_link,world,0.38268680,0.19545546,0.14615772,-0.05447428,0.00576000,0.61744436,0.78470494
P3_borde,2,1.543452,L_hand_base_link,world,0.38268680,0.19545546,0.14615772,-0.05447428,0.00576000,0.61744436,0.78470494
P3_borde,2,1.563391,L_hand_base_link,world,0.38649550,0.20350378,0.14659672,-0.04373601,0.00747779,0.62527396,0.77914294
P3_borde,2,1.583493,L_hand_base_link,world,0.38649550,0.20350378,0.14659672,-0.04373601,0.00747779,0.62527396,0.77914294
P3_borde,2,1.603452,L_hand_base_link,world,0.38649550,0.20350378,0.14659672,-0.04373601,0.00747779,0.62527396,0.77914294
P3_borde,2,1.623316,L_hand_base_link,world,0.38995171,0.21182672,0.14717080,-0.03338410,0.00849839,0.63383351,0.77270199
P3_borde,2,1.643474,L_hand_base_link,world,0.38995171,0.21182672,0.14717080,-0.03338410,0.00849839,0.63383351,0.77270199
P3_borde,2,1.663569,L_hand_base_link,world,0.38995171,0.21182672,0.14717080,-0.03338410,0.00849839,0.63383351,0.77270199
P3_borde,2,1.683429,L_hand_base_link,world,0.38995171,0.21182672,0.14717080,-0.03338410,0.00849839,0.63383351,0.77270199
P3_borde,2,1.703470,L_hand_base_link,world,0.39304175,0.22014198,0.14789055,-0.02369519,0.00892771,0.64268668,0.76571056
P3_borde,2,1.723457,L_hand_base_link,world,0.39304175,0.22014198,0.14789055,-0.02369519,0.00892771,0.64268668,0.76571056
P3_borde,2,1.743426,L_hand_base_link,world,0.39304175,0.22014198,0.14789055,-0.02369519,0.00892771,0.64268668,0.76571056
P3_borde,2,1.763332,L_hand_base_link,world,0.39575731,0.22819339,0.14873585,-0.01486286,0.00888955,0.65144980,0.75849405
P3_borde,2,1.783401,L_hand_base_link,world,0.39575731,0.22819339,0.14873585,-0.01486286,0.00888955,0.65144980,0.75849405
P3_borde,2,1.803487,L_hand_base_link,world,0.39575731,0.22819339,0.14873585,-0.01486286,0.00888955,0.65144980,0.75849405
P3_borde,2,1.823585,L_hand_base_link,world,0.39575731,0.22819339,0.14873585,-0.01486286,0.00888955,0.65144980,0.75849405
P3_borde,2,1.843427,L_hand_base_link,world,0.39809991,0.23576234,0.14966622,-0.00700516,0.00851234,0.65980387,0.75135698
P3_borde,2,1.863487,L_hand_base_link,world,0.39809991,0.23576234,0.14966622,-0.00700516,0.00851234,0.65980387,0.75135698
P3_borde,2,1.883459,L_hand_base_link,world,0.39809991,0.23576234,0.14966622,-0.00700516,0.00851234,0.65980387,0.75135698
P3_borde,2,1.903315,L_hand_base_link,world,0.40007431,0.24264834,0.15062696,-0.00020210,0.00792076,0.66747080,0.74459381
P3_borde,2,1.923606,L_hand_base_link,world,0.40007431,0.24264834,0.15062696,-0.00020210,0.00792076,0.66747080,0.74459381
P3_borde,2,1.943441,L_hand_base_link,world,0.40007431,0.24264834,0.15062696,-0.00020210,0.00792076,0.66747080,0.74459381
P3_borde,2,1.963478,L_hand_base_link,world,0.40007431,0.24264834,0.15062696,-0.00020210,0.00792076,0.66747080,0.74459381
P3_borde,2,1.983428,L_hand_base_link,world,0.40169349,0.24868839,0.15155870,0.00551127,0.00722895,0.67423137,0.73846423
P3_borde,2,2.003448,L_hand_base_link,world,0.40169349,0.24868839,0.15155870,0.00551127,0.00722895,0.67423137,0.73846423
P3_borde,2,2.023573,L_hand_base_link,world,0.40169349,0.24868839,0.15155870,0.00551127,0.00722895,0.67423137,0.73846423
P3_borde,2,2.043314,L_hand_base_link,world,0.40297423,0.25375007,0.15240295,0.01012565,0.00653620,0.67991397,0.73319285
P3_borde,2,2.063441,L_hand_base_link,world,0.40297423,0.25375007,0.15240295,0.01012565,0.00653620,0.67991397,0.73319285
P3_borde,2,2.083643,L_hand_base_link,world,0.40297423,0.25375007,0.15240295,0.01012565,0.00653620,0.67991397,0.73319285
P3_borde,2,2.103396,L_hand_base_link,world,0.40297423,0.25375007,0.15240295,0.01012565,0.00653620,0.67991397,0.73319285
P3_borde,2,2.123408,L_hand_base_link,world,0.40393404,0.25772767,0.15310659,0.01364504,0.00592480,0.68438662,0.72896753
P3_borde,2,2.143589,L_hand_base_link,world,0.40393404,0.25772767,0.15310659,0.01364504,0.00592480,0.68438662,0.72896753
P3_borde,2,2.163535,L_hand_base_link,world,0.40393404,0.25772767,0.15310659,0.01364504,0.00592480,0.68438662,0.72896753
P3_borde,2,2.183314,L_hand_base_link,world,0.40458937,0.26054318,0.15362584,0.01608108,0.00545834,0.68755494,0.72593375
P3_borde,2,2.203439,L_hand_base_link,world,0.40458937,0.26054318,0.15362584,0.01608108,0.00545834,0.68755494,0.72593375
P3_borde,2,2.223423,L_hand_base_link,world,0.40458937,0.26054318,0.15362584,0.01608108,0.00545834,0.68755494,0.72593375
P3_borde,2,2.243582,L_hand_base_link,world,0.40458937,0.26054318,0.15362584,0.01608108,0.00545834,0.68755494,0.72593375
P3_borde,2,2.263358,L_hand_base_link,world,0.40495272,0.26214169,0.15392843,0.01744422,0.00518155,0.68935433,0.72419573
P3_borde,2,2.283489,L_hand_base_link,world,0.40495272,0.26214169,0.15392843,0.01744422,0.00518155,0.68935433,0.72419573
P3_borde,2,2.303550,L_hand_base_link,world,0.40495272,0.26214169,0.15392843,0.01744422,0.00518155,0.68935433,0.72419573
P3_borde,2,2.323336,L_hand_base_link,world,0.40503856,0.26252337,0.15400151,0.01776759,0.00511421,0.68978401,0.72377909
P3_borde,3,0.017895,L_hand_base_link,world,0.28803183,0.20950447,0.09503611,-0.00010269,-0.00008214,0.70713947,0.70707408
P3_borde,3,0.038067,L_hand_base_link,world,0.28803183,0.20950447,0.09503611,-0.00010269,-0.00008214,0.70713947,0.70707408
P3_borde,3,0.057990,L_hand_base_link,world,0.28803183,0.20950447,0.09503611,-0.00010269,-0.00008214,0.70713947,0.70707408
P3_borde,3,0.078150,L_hand_base_link,world,0.28803183,0.20950447,0.09503611,-0.00010269,-0.00008214,0.70713947,0.70707408
P3_borde,3,0.098112,L_hand_base_link,world,0.28834142,0.20933778,0.09527286,-0.00068209,-0.00039601,0.70682598,0.70738703
P3_borde,3,0.118129,L_hand_base_link,world,0.28834142,0.20933778,0.09527286,-0.00068209,-0.00039601,0.70682598,0.70738703
P3_borde,3,0.137959,L_hand_base_link,world,0.28834142,0.20933778,0.09527286,-0.00068209,-0.00039601,0.70682598,0.70738703
P3_borde,3,0.157876,L_hand_base_link,world,0.28957432,0.20866983,0.09621917,-0.00299357,-0.00163843,0.70556498,0.70863701
P3_borde,3,0.178162,L_hand_base_link,world,0.28957432,0.20866983,0.09621917,-0.00299357,-0.00163843,0.70556498,0.70863701
P3_borde,3,0.198022,L_hand_base_link,world,0.28957432,0.20866983,0.09621917,-0.00299357,-0.00163843,0.70556498,0.70863701
P3_borde,3,0.218246,L_hand_base_link,world,0.28957432,0.20866983,0.09621917,-0.00299357,-0.00163843,0.70556498,0.70863701
P3_borde,3,0.237999,L_hand_base_link,world,0.29164332,0.20753418,0.09781949,-0.00688630,-0.00369505,0.70340312,0.71074818
P3_borde,3,0.258019,L_hand_base_link,world,0.29164332,0.20753418,0.09781949,-0.00688630,-0.00369505,0.70340312,0.71074818
P3_borde,3,0.278034,L_hand_base_link,world,0.29164332,0.20753418,0.09781949,-0.00688630,-0.00369505,0.70340312,0.71074818
P3_borde,3,0.297873,L_hand_base_link,world,0.29451568,0.20592720,0.10006634,-0.01231649,-0.00648751,0.70030482,0.71370818
P3_borde,3,0.317989,L_hand_base_link,world,0.29451568,0.20592720,0.10006634,-0.01231649,-0.00648751,0.70030482,0.71370818
P3_borde,3,0.338177,L_hand_base_link,world,0.29451568,0.20592720,0.10006634,-0.01231649,-0.00648751,0.70030482,0.71370818
P3_borde,3,0.357954,L_hand_base_link,world,0.29451568,0.20592720,0.10006634,-0.01231649,-0.00648751,0.70030482,0.71370818
P3_borde,3,0.378044,L_hand_base_link,world,0.29811185,0.20386633,0.10291963,-0.01915080,-0.00987130,0.69626215,0.71746416
P3_borde,3,0.398023,L_hand_base_link,world,0.29811185,0.20386633,0.10291963,-0.01915080,-0.00987130,0.69626215,0.71746416
P3_borde,3,0.418069,L_hand_base_link,world,0.29811185,0.20386633,0.10291963,-0.01915080,-0.00987130,0.69626215,0.71746416
P3_borde,3,0.438309,L_hand_base_link,world,0.30233683,0.20137818,0.10632651,-0.02721545,-0.01366794,0.69127247,0.72195213
P3_borde,3,0.457964,L_hand_base_link,world,0.30233683,0.20137818,0.10632651,-0.02721545,-0.01366794,0.69127247,0.72195213
P3_borde,3,0.478087,L_hand_base_link,world,0.30233683,0.20137818,0.10632651,-0.02721545,-0.01366794,0.69127247,0.72195213
P3_borde,3,0.498151,L_hand_base_link,world,0.30233683,0.20137818,0.10632651,-0.02721545,-0.01366794,0.69127247,0.72195213
P3_borde,3,0.517913,L_hand_base_link,world,0.30708658,0.19850098,0.11022162,-0.03629671,-0.01767167,0.68534324,0.72710034
P3_borde,3,0.538084,L_hand_base_link,world,0.30708658,0.19850098,0.11022162,-0.03629671,-0.01767167,0.68534324,0.72710034
P3_borde,3,0.558012,L_hand_base_link,world,0.30708658,0.19850098,0.11022162,-0.03629671,-0.01767167,0.68534324,0.72710034
P3_borde,3,0.577895,L_hand_base_link,world,0.31224111,0.19529668,0.11451583,-0.04611366,-0.02164595,0.67851669,0.73281654
P3_borde,3,0.598161,L_hand_base_link,world,0.31224111,0.19529668,0.11451583,-0.04611366,-0.02164595,0.67851669,0.73281654
P3_borde,3,0.617954,L_hand_base_link,world,0.31224111,0.19529668,0.11451583,-0.04611366,-0.02164595,0.67851669,0.73281654
P3_borde,3,0.638054,L_hand_base_link,world,0.31224111,0.19529668,0.11451583,-0.04611366,-0.02164595,0.67851669,0.73281654
P3_borde,3,0.658139,L_hand_base_link,world,0.31767891,0.19185155,0.11910202,-0.05633075,-0.02534069,0.67087242,0.73899586
P3_borde,3,0.677985,L_hand_base_link,world,0.31767891,0.19185155,0.11910202,-0.05633075,-0.02534069,0.67087242,0.73899586
P3_borde,3,0.697998,L_hand_base_link,world,0.31767891,0.19185155,0.11910202,-0.05633075,-0.02534069,0.67087242,0.73899586
P3_borde,3,0.717904,L_hand_base_link,world,0.32328994,0.18827799,0.12386089,-0.06656723,-0.02850699,0.66253092,0.74552595
P3_borde,3,0.738011,L_hand_base_link,world,0.32328994,0.18827799,0.12386089,-0.06656723,-0.02850699,0.66253092,0.74552595
P3_borde,3,0.758140,L_hand_base_link,world,0.32328994,0.18827799,0.12386089,-0.06656723,-0.02850699,0.66253092,0.74552595
P3_borde,3,0.777966,L_hand_base_link,world,0.32328994,0.18827799,0.12386089,-0.06656723,-0.02850699,0.66253092,0.74552595
P3_borde,3,0.798036,L_hand_base_link,world,0.32896187,0.18473387,0.12864530,-0.07635924,-0.03089914,0.65369861,0.75225836
P3_borde,3,0.817995,L_hand_base_link,world,0.32896187,0.18473387,0.12864530,-0.07635924,-0.03089914,0.65369861,0.75225836
P3_borde,3,0.837936,L_hand_base_link,world,0.32896187,0.18473387,0.12864530,-0.07635924,-0.03089914,0.65369861,0.75225836
P3_borde,3,0.857873,L_hand_base_link,world,0.33461125,0.18141300,0.13330504,-0.08520951,-0.03230675,0.64464714,0.75902943
P3_borde,3,0.878032,L_hand_base_link,world,0.33461125,0.18141300,0.13330504,-0.08520951,-0.03230675,0.64464714,0.75902943
P3_borde,3,0.898049,L_hand_base_link,world,0.33461125,0.18141300,0.13330504,-0.08520951,-0.03230675,0.64464714,0.75902943
P3_borde,3,0.918140,L_hand_base_link,world,0.33461125,0.18141300,0.13330504,-0.08520951,-0.03230675,0.64464714,0.75902943
P3_borde,3,0.937923,L_hand_base_link,world,0.34018270,0.17855565,0.13768767,-0.09258131,-0.03256665,0.63573581,0.76564227
P3_borde,3,0.958036,L_hand_base_link,world,0.34018270,0.17855565,0.13768767,-0.09258131,-0.03256665,0.63573581,0.76564227
P3_borde,3,0.977996,L_hand_base_link,world,0.34018270,0.17855565,0.13768767,-0.09258131,-0.03256665,0.63573581,0.76564227
P3_borde,3,0.997873,L_hand_base_link,world,0.34564667,0.17645714,0.14164321,-0.09790495,-0.03158339,0.62743371,0.77184458
P3_borde,3,1.017989,L_hand_base_link,world,0.34564667,0.17645714,0.14164321,-0.09790495,-0.03158339,0.62743371,0.77184458
P3_borde,3,1.038002,L_hand_base_link,world,0.34564667,0.17645714,0.14164321,-0.09790495,-0.03158339,0.62743371,0.77184458
P3_borde,3,1.057976,L_hand_base_link,world,0.34564667,0.17645714,0.14164321,-0.09790495,-0.03158339,0.62743371,0.77184458
P3_borde,3,1.078062,L_hand_base_link,world,0.35101115,0.17546585,0.14504574,-0.10061587,-0.02935202,0.62030968,0.77732285
P3_borde,3,1.097971,L_hand_base_link,world,0.35101115,0.17546585,0.14504574,-0.10061587,-0.02935202,0.62030968,0.77732285
P3_borde,3,1.118048,L_hand_base_link,world,0.35101115,0.17546585,0.14504574,-0.10061587,-0.02935202,0.62030968,0.77732285
P3_borde,3,1.137955,L_hand_base_link,world,0.35631951,0.17598734,0.14780953,-0.10018080,-0.02597490,0.61503346,0.78167957
P3_borde,3,1.157964,L_hand_base_link,world,0.35631951,0.17598734,0.14780953,-0.10018080,-0.02597490,0.61503346,0.78167957
P3_borde,3,1.178068,L_hand_base_link,world,0.35631951,0.17598734,0.14780953,-0.10018080,-0.02597490,0.61503346,0.78167957
P3_borde,3,1.198031,L_hand_base_link,world,0.35631951,0.17598734,0.14780953,-0.10018080,-0.02597490,0.61503346,0.78167957
P3_borde,3,1.217970,L_hand_base_link,world,0.36151077,0.17839736,0.14986449,-0.09627890,-0.02179138,0.61239722,0.78436290
P3_borde,3,1.238100,L_hand_base_link,world,0.36151077,0.17839736,0.14986449,-0.09627890,-0.02179138,0.61239722,0.78436290
P3_borde,3,1.257931,L_hand_base_link,world,0.36151077,0.17839736,0.14986449,-0.09627890,-0.02179138,0.61239722,0.78436290
P3_borde,3,1.277871,L_hand_base_link,world,0.36623637,0.18254828,0.15120815,-0.08959280,-0.01756974,0.61278209,0.78496022
P3_borde,3,1.298135,L_hand_base_link,world,0.36623637,0.18254828,0.15120815,-0.08959280,-0.01756974,0.61278209,0.78496022
P3_borde,3,1.317937,L_hand_base_link,world,0.36623637,0.18254828,0.15120815,-0.08959280,-0.01756974,0.61278209,0.78496022
P3_borde,3,1.338000,L_hand_base_link,world,0.36623637,0.18254828,0.15120815,-0.08959280,-0.01756974,0.61278209,0.78496022
P3_borde,3,1.358053,L_hand_base_link,world,0.37053975,0.18813121,0.15209191,-0.08100463,-0.01371037,0.61579005,0.78361527
P3_borde,3,1.378030,L_hand_base_link,world,0.37053975,0.18813121,0.15209191,-0.08100463,-0.01371037,0.61579005,0.78361527
P3_borde,3,1.398207,L_hand_base_link,world,0.37053975,0.18813121,0.15209191,-0.08100463,-0.01371037,0.61579005,0.78361527
P3_borde,3,1.417874,L_hand_base_link,world,0.37448432,0.19485307,0.15273647,-0.07122630,-0.01041298,0.62093580,0.78054924
P3_borde,3,1.438042,L_hand_base_link,world,0.37448432,0.19485307,0.15273647,-0.07122630,-0.01041298,0.62093580,0.78054924
P3_borde,3,1.458001,L_hand_base_link,world,0.37448432,0.19485307,0.15273647,-0.07122630,-0.01041298,0.62093580,0.78054924
P3_borde,3,1.478038,L_hand_base_link,world,0.37448432,0.19485307,0.15273647,-0.07122630,-0.01041298,0.62093580,0.78054924
P3_borde,3,1.497951,L_hand_base_link,world,0.37808271,0.20239031,0.15329937,-0.06088537,-0.00778024,0.62770250,0.77602965
P3_borde,3,1.517997,L_hand_base_link,world,0.37808271,0.20239031,0.15329937,-0.06088537,-0.00778024,0.62770250,0.77602965
P3_borde,3,1.538061,L_hand_base_link,world,0.37808271,0.20239031,0.15329937,-0.06088537,-0.00778024,0.62770250,0.77602965
P3_borde,3,1.558626,L_hand_base_link,world,0.38134139,0.21044377,0.15388530,-0.05046370,-0.00582219,0.63559871,0.77034655
P3_borde,3,1.577989,L_hand_base_link,world,0.38134139,0.21044377,0.15388530,-0.05046370,-0.00582219,0.63559871,0.77034655
P3_borde,3,1.598086,L_hand_base_link,world,0.38134139,0.21044377,0.15388530,-0.05046370,-0.00582219,0.63559871,0.77034655
P3_borde,3,1.618140,L_hand_base_link,world,0.38134139,0.21044377,0.15388530,-0.05046370,-0.00582219,0.63559871,0.77034655
P3_borde,3,1.637980,L_hand_base_link,world,0.38425523,0.21871919,0.15455058,-0.04034764,-0.00449502,0.64415660,0.76381551
P3_borde,3,1.658047,L_hand_base_link,world,0.38425523,0.21871919,0.15455058,-0.04034764,-0.00449502,0.64415660,0.76381551
P3_borde,3,1.678019,L_hand_base_link,world,0.38425523,0.21871919,0.15455058,-0.04034764,-0.00449502,0.64415660,0.76381551
P3_borde,3,1.697871,L_hand_base_link,world,0.38681974,0.22694079,0.15531251,-0.03082983,-0.00371744,0.65294941,0.75676467
P3_borde,3,1.718167,L_hand_base_link,world,0.38681974,0.22694079,0.15531251,-0.03082983,-0.00371744,0.65294941,0.75676467
P3_borde,3,1.737984,L_hand_base_link,world,0.38681974,0.22694079,0.15531251,-0.03082983,-0.00371744,0.65294941,0.75676467
P3_borde,3,1.758013,L_hand_base_link,world,0.38681974,0.22694079,0.15531251,-0.03082983,-0.00371744,0.65294941,0.75676467
P3_borde,3,1.778024,L_hand_base_link,world,0.38903796,0.23486583,0.15615938,-0.02211266,-0.00338676,0.66160966,0.74951466
P3_borde,3,1.798047,L_hand_base_link,world,0.38903796,0.23486583,0.15615938,-0.02211266,-0.00338676,0.66160966,0.74951466
P3_borde,3,1.818014,L_hand_base_link,world,0.38903796,0.23486583,0.15615938,-0.02211266,-0.00338676,0.66160966,0.74951466
P3_borde,3,1.837874,L_hand_base_link,world,0.39091891,0.24227906,0.15705884,-0.01433412,-0.00339325,0.66982311,0.74237459
P3_borde,3,1.858016,L_hand_base_link,world,0.39091891,0.24227906,0.15705884,-0.01433412,-0.00339325,0.66982311,0.74237459
P3_borde,3,1.878139,L_hand_base_link,world,0.39091891,0.24227906,0.15705884,-0.01433412,-0.00339325,0.66982311,0.74237459
P3_borde,3,1.897966,L_hand_base_link,world,0.39091891,0.24227906,0.15705884,-0.01433412,-0.00339325,0.66982311,0.74237459
P3_borde,3,1.918013,L_hand_base_link,world,0.39247721,0.24899245,0.15796573,-0.00758346,-0.00362897,0.67732602,0.73563496
P3_borde,3,1.938205,L_hand_base_link,world,0.39247721,0.24899245,0.15796573,-0.00758346,-0.00362897,0.67732602,0.73563496
P3_borde,3,1.957997,L_hand_base_link,world,0.39247721,0.24899245,0.15796573,-0.00758346,-0.00362897,0.67732602,0.73563496
P3_borde,3,1.978336,L_hand_base_link,world,0.39373104,0.25484206,0.15882840,-0.00191705,-0.00399353,0.68389821,0.72956399
P3_borde,3,1.998017,L_hand_base_link,world,0.39373104,0.25484206,0.15882840,-0.00191705,-0.00399353,0.68389821,0.72956399
P3_borde,3,2.017980,L_hand_base_link,world,0.39373104,0.25484206,0.15882840,-0.00191705,-0.00399353,0.68389821,0.72956399
P3_borde,3,2.038164,L_hand_base_link,world,0.39373104,0.25484206,0.15882840,-0.00191705,-0.00399353,0.68389821,0.72956399
P3_borde,3,2.057933,L_hand_base_link,world,0.39470411,0.25970734,0.15959749,0.00264925,-0.00439985,0.68938127,0.72438048
P3_borde,3,2.078086,L_hand_base_link,world,0.39470411,0.25970734,0.15959749,0.00264925,-0.00439985,0.68938127,0.72438048
P3_borde,3,2.098131,L_hand_base_link,world,0.39470411,0.25970734,0.15959749,0.00264925,-0.00439985,0.68938127,0.72438048
P3_borde,3,2.117878,L_hand_base_link,world,0.39541754,0.26348460,0.16022686,0.00610555,-0.00477542,0.69364523,0.72027509
P3_borde,3,2.138041,L_hand_base_link,world,0.39541754,0.26348460,0.16022686,0.00610555,-0.00477542,0.69364523,0.72027509
P3_borde,3,2.158015,L_hand_base_link,world,0.39541754,0.26348460,0.16022686,0.00610555,-0.00477542,0.69364523,0.72027509
P3_borde,3,2.177977,L_hand_base_link,world,0.39541754,0.26348460,0.16022686,0.00610555,-0.00477542,0.69364523,0.72027509
P3_borde,3,2.198131,L_hand_base_link,world,0.39589050,0.26609978,0.16067910,0.00845412,-0.00506464,0.69659981,0.71739221
P3_borde,3,2.217949,L_hand_base_link,world,0.39589050,0.26609978,0.16067910,0.00845412,-0.00506464,0.69659981,0.71739221
P3_borde,3,2.238049,L_hand_base_link,world,0.39589050,0.26609978,0.16067910,0.00845412,-0.00506464,0.69659981,0.71739221
P3_borde,3,2.258463,L_hand_base_link,world,0.39613736,0.26750330,0.16092736,0.00969982,-0.00522937,0.69818603,0.71583156
P3_borde,3,2.277984,L_hand_base_link,world,0.39613736,0.26750330,0.16092736,0.00969982,-0.00522937,0.69818603,0.71583156
P3_borde,3,2.297995,L_hand_base_link,world,0.39613736,0.26750330,0.16092736,0.00969982,-0.00522937,0.69818603,0.71583156
P3_borde,3,2.318048,L_hand_base_link,world,0.39613736,0.26750330,0.16092736,0.00969982,-0.00522937,0.69818603,0.71583156
